-- MySQL dump 10.13  Distrib 5.7.17, for Win64 (x86_64)
--
-- Host: devoplment.cu3l2fqwtszs.us-west-2.rds.amazonaws.com    Database: ServeUs
-- ------------------------------------------------------
-- Server version	5.5.5-10.1.26-MariaDB

/*!40101 SET @OLD_CHARACTER_SET_CLIENT=@@CHARACTER_SET_CLIENT */;
/*!40101 SET @OLD_CHARACTER_SET_RESULTS=@@CHARACTER_SET_RESULTS */;
/*!40101 SET @OLD_COLLATION_CONNECTION=@@COLLATION_CONNECTION */;
/*!40101 SET NAMES utf8 */;
/*!40103 SET @OLD_TIME_ZONE=@@TIME_ZONE */;
/*!40103 SET TIME_ZONE='+00:00' */;
/*!40014 SET @OLD_UNIQUE_CHECKS=@@UNIQUE_CHECKS, UNIQUE_CHECKS=0 */;
/*!40014 SET @OLD_FOREIGN_KEY_CHECKS=@@FOREIGN_KEY_CHECKS, FOREIGN_KEY_CHECKS=0 */;
/*!40101 SET @OLD_SQL_MODE=@@SQL_MODE, SQL_MODE='NO_AUTO_VALUE_ON_ZERO' */;
/*!40111 SET @OLD_SQL_NOTES=@@SQL_NOTES, SQL_NOTES=0 */;

--
-- Table structure for table `Connects`
--

DROP TABLE IF EXISTS `Connects`;
/*!40101 SET @saved_cs_client     = @@character_set_client */;
/*!40101 SET character_set_client = utf8 */;
CREATE TABLE `Connects` (
  `IndividualID` int(11) DEFAULT NULL,
  `NonProfitID` int(11) DEFAULT NULL
) ENGINE=InnoDB DEFAULT CHARSET=latin1;
/*!40101 SET character_set_client = @saved_cs_client */;

--
-- Dumping data for table `Connects`
--

LOCK TABLES `Connects` WRITE;
/*!40000 ALTER TABLE `Connects` DISABLE KEYS */;
INSERT INTO `Connects` VALUES (23,50),(45,43),(42,49),(36,49),(11,18),(40,11),(38,15),(8,37),(40,50),(47,40);
/*!40000 ALTER TABLE `Connects` ENABLE KEYS */;
UNLOCK TABLES;

--
-- Table structure for table `Event`
--

DROP TABLE IF EXISTS `Event`;
/*!40101 SET @saved_cs_client     = @@character_set_client */;
/*!40101 SET character_set_client = utf8 */;
CREATE TABLE `Event` (
  `ID` int(11) DEFAULT NULL,
  `EventName` text,
  `Description` text,
  `TimeStart` text,
  `Duration` text,
  `Date` text,
  `LocationID` int(11) DEFAULT NULL
) ENGINE=InnoDB DEFAULT CHARSET=latin1;
/*!40101 SET character_set_client = @saved_cs_client */;

--
-- Dumping data for table `Event`
--

LOCK TABLES `Event` WRITE;
/*!40000 ALTER TABLE `Event` DISABLE KEYS */;
INSERT INTO `Event` VALUES (1,'Sierra Larkspur','In hac habitasse platea dictumst. Etiam faucibus cursus urna. Ut tellus.','2:22 AM','3:35 PM','2017-09-11',51),(2,'Clayton\'s Sweetroot','Cras mi pede, malesuada in, imperdiet et, commodo vulputate, justo. In blandit ultrices enim. Lorem ipsum dolor sit amet, consectetuer adipiscing elit.\n\nProin interdum mauris non ligula pellentesque ultrices. Phasellus id sapien in sapien iaculis congue. Vivamus metus arcu, adipiscing molestie, hendrerit at, vulputate vitae, nisl.\n\nAenean lectus. Pellentesque eget nunc. Donec quis orci eget orci vehicula condimentum.','5:25 PM','10:16 PM','2018-01-11',52),(3,'White Meadowfoam','Nullam sit amet turpis elementum ligula vehicula consequat. Morbi a ipsum. Integer a nibh.\n\nIn quis justo. Maecenas rhoncus aliquam lacus. Morbi quis tortor id nulla ultrices aliquet.\n\nMaecenas leo odio, condimentum id, luctus nec, molestie sed, justo. Pellentesque viverra pede ac diam. Cras pellentesque volutpat dui.','11:23 AM','3:01 AM','2019-02-05',53),(4,'Rose Thistle','Duis consequat dui nec nisi volutpat eleifend. Donec ut dolor. Morbi vel lectus in quam fringilla rhoncus.\n\nMauris enim leo, rhoncus sed, vestibulum sit amet, cursus id, turpis. Integer aliquet, massa id lobortis convallis, tortor risus dapibus augue, vel accumsan tellus nisi eu orci. Mauris lacinia sapien quis libero.','9:52 AM','9:30 AM','2018-06-24',54),(5,'Spinster\'s Blue Eyed Mary','Quisque porta volutpat erat. Quisque erat eros, viverra eget, congue eget, semper rutrum, nulla. Nunc purus.','6:52 PM','10:23 AM','2017-03-24',55),(6,'German-madwort','Integer tincidunt ante vel ipsum. Praesent blandit lacinia erat. Vestibulum sed magna at nunc commodo placerat.','10:43 PM','4:50 AM','2017-08-01',56),(7,'Volcan\'s Fuchsia','Maecenas tristique, est et tempus semper, est quam pharetra magna, ac consequat metus sapien ut nunc. Vestibulum ante ipsum primis in faucibus orci luctus et ultrices posuere cubilia Curae; Mauris viverra diam vitae quam. Suspendisse potenti.\n\nNullam porttitor lacus at turpis. Donec posuere metus vitae ipsum. Aliquam non mauris.','1:56 PM','4:30 PM','2018-03-20',57),(8,'Psilolechia Lichen','Maecenas leo odio, condimentum id, luctus nec, molestie sed, justo. Pellentesque viverra pede ac diam. Cras pellentesque volutpat dui.\n\nMaecenas tristique, est et tempus semper, est quam pharetra magna, ac consequat metus sapien ut nunc. Vestibulum ante ipsum primis in faucibus orci luctus et ultrices posuere cubilia Curae; Mauris viverra diam vitae quam. Suspendisse potenti.\n\nNullam porttitor lacus at turpis. Donec posuere metus vitae ipsum. Aliquam non mauris.','4:35 AM','2:29 PM','2017-07-30',58),(9,'Pore Lichen','Maecenas tristique, est et tempus semper, est quam pharetra magna, ac consequat metus sapien ut nunc. Vestibulum ante ipsum primis in faucibus orci luctus et ultrices posuere cubilia Curae; Mauris viverra diam vitae quam. Suspendisse potenti.','9:40 PM','2:47 AM','2019-02-28',59),(10,'Wart Lichen','Morbi porttitor lorem id ligula. Suspendisse ornare consequat lectus. In est risus, auctor sed, tristique in, tempus sit amet, sem.','5:06 AM','6:41 AM','2017-08-13',60),(11,'Mirrorplant','Proin leo odio, porttitor id, consequat in, consequat ut, nulla. Sed accumsan felis. Ut at dolor quis odio consequat varius.\n\nInteger ac leo. Pellentesque ultrices mattis odio. Donec vitae nisi.\n\nNam ultrices, libero non mattis pulvinar, nulla pede ullamcorper augue, a suscipit nulla elit ac nulla. Sed vel enim sit amet nunc viverra dapibus. Nulla suscipit ligula in lacus.','5:29 AM','12:25 AM','2018-09-03',61),(12,'Leptarrhena','Cum sociis natoque penatibus et magnis dis parturient montes, nascetur ridiculus mus. Vivamus vestibulum sagittis sapien. Cum sociis natoque penatibus et magnis dis parturient montes, nascetur ridiculus mus.','11:12 PM','1:24 PM','2018-05-11',62),(13,'Rose Angelica','Lorem ipsum dolor sit amet, consectetuer adipiscing elit. Proin risus. Praesent lectus.\n\nVestibulum quam sapien, varius ut, blandit non, interdum in, ante. Vestibulum ante ipsum primis in faucibus orci luctus et ultrices posuere cubilia Curae; Duis faucibus accumsan odio. Curabitur convallis.','9:43 AM','4:04 AM','2019-01-25',63),(14,'Lesser Fringed Gentian','Nullam sit amet turpis elementum ligula vehicula consequat. Morbi a ipsum. Integer a nibh.\n\nIn quis justo. Maecenas rhoncus aliquam lacus. Morbi quis tortor id nulla ultrices aliquet.\n\nMaecenas leo odio, condimentum id, luctus nec, molestie sed, justo. Pellentesque viverra pede ac diam. Cras pellentesque volutpat dui.','7:26 PM','9:47 AM','2017-11-15',64),(15,'Lathberry','Maecenas ut massa quis augue luctus tincidunt. Nulla mollis molestie lorem. Quisque ut erat.\n\nCurabitur gravida nisi at nibh. In hac habitasse platea dictumst. Aliquam augue quam, sollicitudin vitae, consectetuer eget, rutrum at, lorem.','2:05 AM','4:46 PM','2018-09-09',65),(16,'Iris','Morbi non lectus. Aliquam sit amet diam in magna bibendum imperdiet. Nullam orci pede, venenatis non, sodales sed, tincidunt eu, felis.\n\nFusce posuere felis sed lacus. Morbi sem mauris, laoreet ut, rhoncus aliquet, pulvinar sed, nisl. Nunc rhoncus dui vel sem.\n\nSed sagittis. Nam congue, risus semper porta volutpat, quam pede lobortis ligula, sit amet eleifend pede libero quis orci. Nullam molestie nibh in lectus.','2:03 AM','9:04 AM','2017-08-12',66),(17,'Gallant Soldier','Lorem ipsum dolor sit amet, consectetuer adipiscing elit. Proin risus. Praesent lectus.\n\nVestibulum quam sapien, varius ut, blandit non, interdum in, ante. Vestibulum ante ipsum primis in faucibus orci luctus et ultrices posuere cubilia Curae; Duis faucibus accumsan odio. Curabitur convallis.','6:38 AM','11:40 PM','2018-07-24',67),(18,'Lichenochora Lichen','Duis consequat dui nec nisi volutpat eleifend. Donec ut dolor. Morbi vel lectus in quam fringilla rhoncus.\n\nMauris enim leo, rhoncus sed, vestibulum sit amet, cursus id, turpis. Integer aliquet, massa id lobortis convallis, tortor risus dapibus augue, vel accumsan tellus nisi eu orci. Mauris lacinia sapien quis libero.\n\nNullam sit amet turpis elementum ligula vehicula consequat. Morbi a ipsum. Integer a nibh.','3:31 AM','4:49 AM','2018-08-06',68),(19,'Stellate Sedge','Duis aliquam convallis nunc. Proin at turpis a pede posuere nonummy. Integer non velit.\n\nDonec diam neque, vestibulum eget, vulputate ut, ultrices vel, augue. Vestibulum ante ipsum primis in faucibus orci luctus et ultrices posuere cubilia Curae; Donec pharetra, magna vestibulum aliquet ultrices, erat tortor sollicitudin mi, sit amet lobortis sapien sapien non mi. Integer ac neque.\n\nDuis bibendum. Morbi non quam nec dui luctus rutrum. Nulla tellus.','12:00 AM','10:09 PM','2017-09-08',69),(20,'Swamp Sawgrass','Proin interdum mauris non ligula pellentesque ultrices. Phasellus id sapien in sapien iaculis congue. Vivamus metus arcu, adipiscing molestie, hendrerit at, vulputate vitae, nisl.\n\nAenean lectus. Pellentesque eget nunc. Donec quis orci eget orci vehicula condimentum.','12:05 PM','7:50 AM','2018-08-17',70),(21,'Large Knotgrass','Nulla ut erat id mauris vulputate elementum. Nullam varius. Nulla facilisi.','5:54 AM','2:29 PM','2018-04-17',71),(22,'Sand Spikerush','Aliquam quis turpis eget elit sodales scelerisque. Mauris sit amet eros. Suspendisse accumsan tortor quis turpis.\n\nSed ante. Vivamus tortor. Duis mattis egestas metus.','1:25 AM','3:11 PM','2018-08-16',72),(23,'Fragile Sedge','Quisque id justo sit amet sapien dignissim vestibulum. Vestibulum ante ipsum primis in faucibus orci luctus et ultrices posuere cubilia Curae; Nulla dapibus dolor vel est. Donec odio justo, sollicitudin ut, suscipit a, feugiat et, eros.\n\nVestibulum ac est lacinia nisi venenatis tristique. Fusce congue, diam id ornare imperdiet, sapien urna pretium nisl, ut volutpat sapien arcu sed augue. Aliquam erat volutpat.','11:32 PM','9:25 PM','2017-09-06',73),(24,'Dactylospora Lichen','Morbi non lectus. Aliquam sit amet diam in magna bibendum imperdiet. Nullam orci pede, venenatis non, sodales sed, tincidunt eu, felis.\n\nFusce posuere felis sed lacus. Morbi sem mauris, laoreet ut, rhoncus aliquet, pulvinar sed, nisl. Nunc rhoncus dui vel sem.','2:31 PM','7:54 AM','2018-08-04',74),(25,'Black Calabash','In congue. Etiam justo. Etiam pretium iaculis justo.\n\nIn hac habitasse platea dictumst. Etiam faucibus cursus urna. Ut tellus.\n\nNulla ut erat id mauris vulputate elementum. Nullam varius. Nulla facilisi.','11:14 AM','10:57 AM','2019-03-16',75),(26,'California Blackberry','Duis consequat dui nec nisi volutpat eleifend. Donec ut dolor. Morbi vel lectus in quam fringilla rhoncus.\n\nMauris enim leo, rhoncus sed, vestibulum sit amet, cursus id, turpis. Integer aliquet, massa id lobortis convallis, tortor risus dapibus augue, vel accumsan tellus nisi eu orci. Mauris lacinia sapien quis libero.','12:39 AM','5:41 PM','2017-07-23',76),(27,'Small Capsule Dung Moss','Maecenas tristique, est et tempus semper, est quam pharetra magna, ac consequat metus sapien ut nunc. Vestibulum ante ipsum primis in faucibus orci luctus et ultrices posuere cubilia Curae; Mauris viverra diam vitae quam. Suspendisse potenti.\n\nNullam porttitor lacus at turpis. Donec posuere metus vitae ipsum. Aliquam non mauris.','11:17 PM','10:58 PM','2018-05-01',77),(28,'Reversed Clover','Aenean fermentum. Donec ut mauris eget massa tempor convallis. Nulla neque libero, convallis eget, eleifend luctus, ultricies eu, nibh.\n\nQuisque id justo sit amet sapien dignissim vestibulum. Vestibulum ante ipsum primis in faucibus orci luctus et ultrices posuere cubilia Curae; Nulla dapibus dolor vel est. Donec odio justo, sollicitudin ut, suscipit a, feugiat et, eros.\n\nVestibulum ac est lacinia nisi venenatis tristique. Fusce congue, diam id ornare imperdiet, sapien urna pretium nisl, ut volutpat sapien arcu sed augue. Aliquam erat volutpat.','6:39 PM','2:00 PM','2017-05-22',78),(29,'Blue Wildrye','Nulla ut erat id mauris vulputate elementum. Nullam varius. Nulla facilisi.\n\nCras non velit nec nisi vulputate nonummy. Maecenas tincidunt lacus at velit. Vivamus vel nulla eget eros elementum pellentesque.\n\nQuisque porta volutpat erat. Quisque erat eros, viverra eget, congue eget, semper rutrum, nulla. Nunc purus.','3:28 AM','10:39 PM','2018-09-07',79),(30,'Nevada Dustymaiden','Suspendisse potenti. In eleifend quam a odio. In hac habitasse platea dictumst.','1:57 PM','9:55 PM','2017-10-03',80),(31,'Ashe\'s Magnolia','Duis consequat dui nec nisi volutpat eleifend. Donec ut dolor. Morbi vel lectus in quam fringilla rhoncus.\n\nMauris enim leo, rhoncus sed, vestibulum sit amet, cursus id, turpis. Integer aliquet, massa id lobortis convallis, tortor risus dapibus augue, vel accumsan tellus nisi eu orci. Mauris lacinia sapien quis libero.','9:25 AM','11:53 PM','2017-11-18',81),(32,'Vanda','In quis justo. Maecenas rhoncus aliquam lacus. Morbi quis tortor id nulla ultrices aliquet.','4:32 AM','1:44 AM','2018-08-27',82),(33,'Diamondleaf Lacefern','Phasellus in felis. Donec semper sapien a libero. Nam dui.\n\nProin leo odio, porttitor id, consequat in, consequat ut, nulla. Sed accumsan felis. Ut at dolor quis odio consequat varius.','6:28 PM','2:25 AM','2018-06-29',83),(34,'Beard Lichen','Vestibulum quam sapien, varius ut, blandit non, interdum in, ante. Vestibulum ante ipsum primis in faucibus orci luctus et ultrices posuere cubilia Curae; Duis faucibus accumsan odio. Curabitur convallis.\n\nDuis consequat dui nec nisi volutpat eleifend. Donec ut dolor. Morbi vel lectus in quam fringilla rhoncus.\n\nMauris enim leo, rhoncus sed, vestibulum sit amet, cursus id, turpis. Integer aliquet, massa id lobortis convallis, tortor risus dapibus augue, vel accumsan tellus nisi eu orci. Mauris lacinia sapien quis libero.','3:40 PM','10:36 AM','2017-12-14',84),(35,'Orange Lichen','Quisque porta volutpat erat. Quisque erat eros, viverra eget, congue eget, semper rutrum, nulla. Nunc purus.\n\nPhasellus in felis. Donec semper sapien a libero. Nam dui.','8:23 PM','7:32 AM','2019-05-26',85),(36,'Virginia Groundcherry','Maecenas tristique, est et tempus semper, est quam pharetra magna, ac consequat metus sapien ut nunc. Vestibulum ante ipsum primis in faucibus orci luctus et ultrices posuere cubilia Curae; Mauris viverra diam vitae quam. Suspendisse potenti.\n\nNullam porttitor lacus at turpis. Donec posuere metus vitae ipsum. Aliquam non mauris.\n\nMorbi non lectus. Aliquam sit amet diam in magna bibendum imperdiet. Nullam orci pede, venenatis non, sodales sed, tincidunt eu, felis.','11:50 AM','7:33 PM','2017-05-14',86),(37,'Streambank Bulrush','Etiam vel augue. Vestibulum rutrum rutrum neque. Aenean auctor gravida sem.','4:54 PM','1:41 PM','2018-09-12',87),(38,'Florist\'s Spiraea','Pellentesque at nulla. Suspendisse potenti. Cras in purus eu magna vulputate luctus.\n\nCum sociis natoque penatibus et magnis dis parturient montes, nascetur ridiculus mus. Vivamus vestibulum sagittis sapien. Cum sociis natoque penatibus et magnis dis parturient montes, nascetur ridiculus mus.\n\nEtiam vel augue. Vestibulum rutrum rutrum neque. Aenean auctor gravida sem.','4:50 AM','7:57 PM','2018-09-07',88),(39,'Light-blue Snakeweed','Sed ante. Vivamus tortor. Duis mattis egestas metus.\n\nAenean fermentum. Donec ut mauris eget massa tempor convallis. Nulla neque libero, convallis eget, eleifend luctus, ultricies eu, nibh.\n\nQuisque id justo sit amet sapien dignissim vestibulum. Vestibulum ante ipsum primis in faucibus orci luctus et ultrices posuere cubilia Curae; Nulla dapibus dolor vel est. Donec odio justo, sollicitudin ut, suscipit a, feugiat et, eros.','4:36 AM','10:52 PM','2017-10-23',89),(40,'Soft Butterfly Pea','Cras non velit nec nisi vulputate nonummy. Maecenas tincidunt lacus at velit. Vivamus vel nulla eget eros elementum pellentesque.\n\nQuisque porta volutpat erat. Quisque erat eros, viverra eget, congue eget, semper rutrum, nulla. Nunc purus.\n\nPhasellus in felis. Donec semper sapien a libero. Nam dui.','6:15 AM','1:51 AM','2018-01-12',90),(41,'Kura Clover','Cras mi pede, malesuada in, imperdiet et, commodo vulputate, justo. In blandit ultrices enim. Lorem ipsum dolor sit amet, consectetuer adipiscing elit.','8:59 PM','8:51 PM','2017-12-26',91),(42,'Davidson\'s Wavewing','Fusce consequat. Nulla nisl. Nunc nisl.\n\nDuis bibendum, felis sed interdum venenatis, turpis enim blandit mi, in porttitor pede justo eu massa. Donec dapibus. Duis at velit eu est congue elementum.\n\nIn hac habitasse platea dictumst. Morbi vestibulum, velit id pretium iaculis, diam erat fermentum justo, nec condimentum neque sapien placerat ante. Nulla justo.','9:46 PM','10:21 PM','2019-04-18',92),(43,'Bluestem Pricklypoppy','Aenean lectus. Pellentesque eget nunc. Donec quis orci eget orci vehicula condimentum.','1:43 AM','5:50 PM','2017-07-16',93),(44,'Bicknell\'s Sedge','Duis aliquam convallis nunc. Proin at turpis a pede posuere nonummy. Integer non velit.\n\nDonec diam neque, vestibulum eget, vulputate ut, ultrices vel, augue. Vestibulum ante ipsum primis in faucibus orci luctus et ultrices posuere cubilia Curae; Donec pharetra, magna vestibulum aliquet ultrices, erat tortor sollicitudin mi, sit amet lobortis sapien sapien non mi. Integer ac neque.\n\nDuis bibendum. Morbi non quam nec dui luctus rutrum. Nulla tellus.','2:50 AM','5:31 AM','2019-03-08',94),(45,'Field Sowthistle','Etiam vel augue. Vestibulum rutrum rutrum neque. Aenean auctor gravida sem.\n\nPraesent id massa id nisl venenatis lacinia. Aenean sit amet justo. Morbi ut odio.','6:24 AM','5:27 PM','2018-01-12',95),(46,'Thalassia','Fusce consequat. Nulla nisl. Nunc nisl.\n\nDuis bibendum, felis sed interdum venenatis, turpis enim blandit mi, in porttitor pede justo eu massa. Donec dapibus. Duis at velit eu est congue elementum.','11:58 PM','2:16 AM','2018-03-20',96),(47,'Carolina Hemlock','Maecenas tristique, est et tempus semper, est quam pharetra magna, ac consequat metus sapien ut nunc. Vestibulum ante ipsum primis in faucibus orci luctus et ultrices posuere cubilia Curae; Mauris viverra diam vitae quam. Suspendisse potenti.','2:30 PM','1:38 AM','2018-05-29',97),(48,'Bloodroot','Phasellus in felis. Donec semper sapien a libero. Nam dui.','1:55 PM','11:21 AM','2019-01-23',98),(49,'Wild Jute','Suspendisse potenti. In eleifend quam a odio. In hac habitasse platea dictumst.\n\nMaecenas ut massa quis augue luctus tincidunt. Nulla mollis molestie lorem. Quisque ut erat.','8:52 AM','7:01 PM','2017-07-20',99),(50,'Hypnum Moss','Phasellus in felis. Donec semper sapien a libero. Nam dui.','3:07 AM','8:56 AM','2017-06-22',100),(51,'Wright\'s Waxweed','In hac habitasse platea dictumst. Morbi vestibulum, velit id pretium iaculis, diam erat fermentum justo, nec condimentum neque sapien placerat ante. Nulla justo.','5:28 PM','9:24 PM','2018-04-13',101),(52,'Cheesytoes','Morbi porttitor lorem id ligula. Suspendisse ornare consequat lectus. In est risus, auctor sed, tristique in, tempus sit amet, sem.\n\nFusce consequat. Nulla nisl. Nunc nisl.\n\nDuis bibendum, felis sed interdum venenatis, turpis enim blandit mi, in porttitor pede justo eu massa. Donec dapibus. Duis at velit eu est congue elementum.','5:04 AM','9:05 PM','2019-02-22',102),(53,'Lion\'s Heart','Nulla ut erat id mauris vulputate elementum. Nullam varius. Nulla facilisi.\n\nCras non velit nec nisi vulputate nonummy. Maecenas tincidunt lacus at velit. Vivamus vel nulla eget eros elementum pellentesque.','3:41 PM','1:41 AM','2017-07-28',103),(54,'Thymeleaf Melaleuca','Nullam porttitor lacus at turpis. Donec posuere metus vitae ipsum. Aliquam non mauris.','11:31 PM','4:15 PM','2017-09-23',104),(55,'Ricinodendron','Integer tincidunt ante vel ipsum. Praesent blandit lacinia erat. Vestibulum sed magna at nunc commodo placerat.','10:33 PM','3:59 PM','2017-08-31',105),(56,'Coontie','Nullam sit amet turpis elementum ligula vehicula consequat. Morbi a ipsum. Integer a nibh.','7:54 AM','10:49 AM','2017-03-31',106),(57,'Arctotis','Fusce posuere felis sed lacus. Morbi sem mauris, laoreet ut, rhoncus aliquet, pulvinar sed, nisl. Nunc rhoncus dui vel sem.\n\nSed sagittis. Nam congue, risus semper porta volutpat, quam pede lobortis ligula, sit amet eleifend pede libero quis orci. Nullam molestie nibh in lectus.','12:25 PM','6:00 AM','2017-07-18',107),(58,'Slender Rattlesnakeroot','Pellentesque at nulla. Suspendisse potenti. Cras in purus eu magna vulputate luctus.','12:18 PM','9:20 AM','2017-12-14',108),(59,'Mougeot\'s Xanthoparmelia Lichen','Aliquam quis turpis eget elit sodales scelerisque. Mauris sit amet eros. Suspendisse accumsan tortor quis turpis.\n\nSed ante. Vivamus tortor. Duis mattis egestas metus.\n\nAenean fermentum. Donec ut mauris eget massa tempor convallis. Nulla neque libero, convallis eget, eleifend luctus, ultricies eu, nibh.','8:21 PM','9:17 PM','2017-11-09',109),(60,'Porpidia Lichen','Maecenas leo odio, condimentum id, luctus nec, molestie sed, justo. Pellentesque viverra pede ac diam. Cras pellentesque volutpat dui.\n\nMaecenas tristique, est et tempus semper, est quam pharetra magna, ac consequat metus sapien ut nunc. Vestibulum ante ipsum primis in faucibus orci luctus et ultrices posuere cubilia Curae; Mauris viverra diam vitae quam. Suspendisse potenti.','2:48 AM','9:44 PM','2018-11-07',110),(61,'Spiked Ipomopsis','Nullam porttitor lacus at turpis. Donec posuere metus vitae ipsum. Aliquam non mauris.\n\nMorbi non lectus. Aliquam sit amet diam in magna bibendum imperdiet. Nullam orci pede, venenatis non, sodales sed, tincidunt eu, felis.','12:35 PM','1:08 AM','2018-02-27',111),(62,'Gomidesia','Morbi porttitor lorem id ligula. Suspendisse ornare consequat lectus. In est risus, auctor sed, tristique in, tempus sit amet, sem.\n\nFusce consequat. Nulla nisl. Nunc nisl.\n\nDuis bibendum, felis sed interdum venenatis, turpis enim blandit mi, in porttitor pede justo eu massa. Donec dapibus. Duis at velit eu est congue elementum.','9:00 AM','10:42 AM','2018-01-08',112),(63,'Nuttall\'s Pleatleaf','Nam ultrices, libero non mattis pulvinar, nulla pede ullamcorper augue, a suscipit nulla elit ac nulla. Sed vel enim sit amet nunc viverra dapibus. Nulla suscipit ligula in lacus.','9:54 AM','7:40 AM','2017-12-03',113),(64,'Thicket Dewberry','Cum sociis natoque penatibus et magnis dis parturient montes, nascetur ridiculus mus. Vivamus vestibulum sagittis sapien. Cum sociis natoque penatibus et magnis dis parturient montes, nascetur ridiculus mus.\n\nEtiam vel augue. Vestibulum rutrum rutrum neque. Aenean auctor gravida sem.','9:13 AM','6:54 PM','2017-07-20',114),(65,'Callery Pear','Proin interdum mauris non ligula pellentesque ultrices. Phasellus id sapien in sapien iaculis congue. Vivamus metus arcu, adipiscing molestie, hendrerit at, vulputate vitae, nisl.','7:08 AM','1:20 AM','2018-03-11',115),(66,'Bittercress Ragwort','In sagittis dui vel nisl. Duis ac nibh. Fusce lacus purus, aliquet at, feugiat non, pretium quis, lectus.\n\nSuspendisse potenti. In eleifend quam a odio. In hac habitasse platea dictumst.','11:48 AM','4:34 AM','2019-04-30',116),(67,'Conardia Moss','Cum sociis natoque penatibus et magnis dis parturient montes, nascetur ridiculus mus. Vivamus vestibulum sagittis sapien. Cum sociis natoque penatibus et magnis dis parturient montes, nascetur ridiculus mus.','3:12 AM','8:34 AM','2017-06-09',117),(68,'Bahama Brake','Phasellus sit amet erat. Nulla tempus. Vivamus in felis eu sapien cursus vestibulum.\n\nProin eu mi. Nulla ac enim. In tempor, turpis nec euismod scelerisque, quam turpis adipiscing lorem, vitae mattis nibh ligula nec sem.','9:34 PM','12:44 PM','2017-10-02',118),(69,'Snailflower','In congue. Etiam justo. Etiam pretium iaculis justo.','12:13 AM','9:07 PM','2017-04-02',119),(70,'Tiger Grass','Pellentesque at nulla. Suspendisse potenti. Cras in purus eu magna vulputate luctus.\n\nCum sociis natoque penatibus et magnis dis parturient montes, nascetur ridiculus mus. Vivamus vestibulum sagittis sapien. Cum sociis natoque penatibus et magnis dis parturient montes, nascetur ridiculus mus.\n\nEtiam vel augue. Vestibulum rutrum rutrum neque. Aenean auctor gravida sem.','11:28 PM','3:11 PM','2018-01-05',120),(71,'Creeping-bluet','Aliquam quis turpis eget elit sodales scelerisque. Mauris sit amet eros. Suspendisse accumsan tortor quis turpis.','12:08 AM','6:09 PM','2017-10-21',121),(72,'Lesser Marigold','Duis bibendum, felis sed interdum venenatis, turpis enim blandit mi, in porttitor pede justo eu massa. Donec dapibus. Duis at velit eu est congue elementum.\n\nIn hac habitasse platea dictumst. Morbi vestibulum, velit id pretium iaculis, diam erat fermentum justo, nec condimentum neque sapien placerat ante. Nulla justo.','7:38 PM','8:27 PM','2018-05-09',122),(73,'Cucubano De Monte','Aliquam quis turpis eget elit sodales scelerisque. Mauris sit amet eros. Suspendisse accumsan tortor quis turpis.\n\nSed ante. Vivamus tortor. Duis mattis egestas metus.','10:02 AM','1:22 PM','2017-12-23',123),(74,'Campylostelium Moss','Nullam sit amet turpis elementum ligula vehicula consequat. Morbi a ipsum. Integer a nibh.','8:51 PM','1:54 PM','2019-01-22',124),(75,'Narrowleaf Dock','Sed ante. Vivamus tortor. Duis mattis egestas metus.\n\nAenean fermentum. Donec ut mauris eget massa tempor convallis. Nulla neque libero, convallis eget, eleifend luctus, ultricies eu, nibh.','5:28 PM','3:35 PM','2017-05-05',125),(76,'Creeping-bluet','Aenean lectus. Pellentesque eget nunc. Donec quis orci eget orci vehicula condimentum.','2:05 AM','3:41 PM','2018-11-18',126),(77,'Brachythecium Moss','Duis bibendum, felis sed interdum venenatis, turpis enim blandit mi, in porttitor pede justo eu massa. Donec dapibus. Duis at velit eu est congue elementum.\n\nIn hac habitasse platea dictumst. Morbi vestibulum, velit id pretium iaculis, diam erat fermentum justo, nec condimentum neque sapien placerat ante. Nulla justo.\n\nAliquam quis turpis eget elit sodales scelerisque. Mauris sit amet eros. Suspendisse accumsan tortor quis turpis.','11:11 PM','6:27 AM','2018-03-02',127),(78,'Shell Lichen','Curabitur in libero ut massa volutpat convallis. Morbi odio odio, elementum eu, interdum eu, tincidunt in, leo. Maecenas pulvinar lobortis est.\n\nPhasellus sit amet erat. Nulla tempus. Vivamus in felis eu sapien cursus vestibulum.\n\nProin eu mi. Nulla ac enim. In tempor, turpis nec euismod scelerisque, quam turpis adipiscing lorem, vitae mattis nibh ligula nec sem.','7:00 AM','9:01 PM','2018-10-04',128),(79,'Rhytidium Moss','Maecenas leo odio, condimentum id, luctus nec, molestie sed, justo. Pellentesque viverra pede ac diam. Cras pellentesque volutpat dui.','11:34 AM','8:55 PM','2018-03-14',129),(80,'Soliman\'s Croton','Proin leo odio, porttitor id, consequat in, consequat ut, nulla. Sed accumsan felis. Ut at dolor quis odio consequat varius.','9:14 PM','8:42 AM','2017-07-18',130),(81,'Shreve\'s Iris','Maecenas tristique, est et tempus semper, est quam pharetra magna, ac consequat metus sapien ut nunc. Vestibulum ante ipsum primis in faucibus orci luctus et ultrices posuere cubilia Curae; Mauris viverra diam vitae quam. Suspendisse potenti.','3:15 AM','9:46 PM','2018-04-27',131),(82,'Longtube Ipomopsis','Sed ante. Vivamus tortor. Duis mattis egestas metus.','12:03 AM','5:10 AM','2018-05-02',132),(83,'Catclaw Blackbead','Cum sociis natoque penatibus et magnis dis parturient montes, nascetur ridiculus mus. Vivamus vestibulum sagittis sapien. Cum sociis natoque penatibus et magnis dis parturient montes, nascetur ridiculus mus.','8:02 PM','11:07 AM','2018-10-28',133),(84,'Palestine Clover','Integer tincidunt ante vel ipsum. Praesent blandit lacinia erat. Vestibulum sed magna at nunc commodo placerat.\n\nPraesent blandit. Nam nulla. Integer pede justo, lacinia eget, tincidunt eget, tempus vel, pede.\n\nMorbi porttitor lorem id ligula. Suspendisse ornare consequat lectus. In est risus, auctor sed, tristique in, tempus sit amet, sem.','3:26 PM','10:01 AM','2017-08-18',134),(85,'Red Dock','Cras mi pede, malesuada in, imperdiet et, commodo vulputate, justo. In blandit ultrices enim. Lorem ipsum dolor sit amet, consectetuer adipiscing elit.\n\nProin interdum mauris non ligula pellentesque ultrices. Phasellus id sapien in sapien iaculis congue. Vivamus metus arcu, adipiscing molestie, hendrerit at, vulputate vitae, nisl.','8:58 AM','12:01 AM','2018-09-19',135),(86,'Foxtail Wheatgrass','Morbi non lectus. Aliquam sit amet diam in magna bibendum imperdiet. Nullam orci pede, venenatis non, sodales sed, tincidunt eu, felis.\n\nFusce posuere felis sed lacus. Morbi sem mauris, laoreet ut, rhoncus aliquet, pulvinar sed, nisl. Nunc rhoncus dui vel sem.\n\nSed sagittis. Nam congue, risus semper porta volutpat, quam pede lobortis ligula, sit amet eleifend pede libero quis orci. Nullam molestie nibh in lectus.','10:24 AM','8:29 AM','2018-03-05',136),(87,'Tropical Bushmint','Cras non velit nec nisi vulputate nonummy. Maecenas tincidunt lacus at velit. Vivamus vel nulla eget eros elementum pellentesque.\n\nQuisque porta volutpat erat. Quisque erat eros, viverra eget, congue eget, semper rutrum, nulla. Nunc purus.','5:23 PM','6:37 AM','2017-12-20',137),(88,'Flaming Trumpet','Maecenas ut massa quis augue luctus tincidunt. Nulla mollis molestie lorem. Quisque ut erat.','10:20 AM','11:28 PM','2018-10-07',138),(89,'Kentucky Lady\'s Slipper','Cras non velit nec nisi vulputate nonummy. Maecenas tincidunt lacus at velit. Vivamus vel nulla eget eros elementum pellentesque.\n\nQuisque porta volutpat erat. Quisque erat eros, viverra eget, congue eget, semper rutrum, nulla. Nunc purus.\n\nPhasellus in felis. Donec semper sapien a libero. Nam dui.','6:17 PM','9:31 PM','2018-07-22',139),(90,'Thymeleaf Dragonhead','Duis aliquam convallis nunc. Proin at turpis a pede posuere nonummy. Integer non velit.','10:22 PM','11:58 PM','2019-05-28',140),(91,'Hygrohypnum Moss','Morbi non lectus. Aliquam sit amet diam in magna bibendum imperdiet. Nullam orci pede, venenatis non, sodales sed, tincidunt eu, felis.','3:34 PM','7:05 PM','2018-06-04',141),(92,'Campylopus Moss','Phasellus in felis. Donec semper sapien a libero. Nam dui.\n\nProin leo odio, porttitor id, consequat in, consequat ut, nulla. Sed accumsan felis. Ut at dolor quis odio consequat varius.\n\nInteger ac leo. Pellentesque ultrices mattis odio. Donec vitae nisi.','11:34 AM','4:51 PM','2019-06-03',142),(93,'Pond Apple','In hac habitasse platea dictumst. Morbi vestibulum, velit id pretium iaculis, diam erat fermentum justo, nec condimentum neque sapien placerat ante. Nulla justo.\n\nAliquam quis turpis eget elit sodales scelerisque. Mauris sit amet eros. Suspendisse accumsan tortor quis turpis.\n\nSed ante. Vivamus tortor. Duis mattis egestas metus.','11:51 AM','5:59 AM','2019-04-17',143),(94,'Possumhaw','Sed sagittis. Nam congue, risus semper porta volutpat, quam pede lobortis ligula, sit amet eleifend pede libero quis orci. Nullam molestie nibh in lectus.','10:59 PM','8:27 AM','2017-11-30',144),(95,'Delicate Spikemoss','Curabitur gravida nisi at nibh. In hac habitasse platea dictumst. Aliquam augue quam, sollicitudin vitae, consectetuer eget, rutrum at, lorem.','9:22 AM','6:09 AM','2019-01-07',145),(96,'Dwarf Mountain Lupine','Nullam porttitor lacus at turpis. Donec posuere metus vitae ipsum. Aliquam non mauris.','11:06 AM','2:34 AM','2017-04-20',146),(97,'Tenfinger Menodora','Curabitur in libero ut massa volutpat convallis. Morbi odio odio, elementum eu, interdum eu, tincidunt in, leo. Maecenas pulvinar lobortis est.','3:16 AM','3:29 PM','2019-03-07',147),(98,'Rivergrass','Aenean lectus. Pellentesque eget nunc. Donec quis orci eget orci vehicula condimentum.\n\nCurabitur in libero ut massa volutpat convallis. Morbi odio odio, elementum eu, interdum eu, tincidunt in, leo. Maecenas pulvinar lobortis est.\n\nPhasellus sit amet erat. Nulla tempus. Vivamus in felis eu sapien cursus vestibulum.','3:52 PM','3:58 PM','2019-04-24',148),(99,'Reindeer Lichen','Morbi porttitor lorem id ligula. Suspendisse ornare consequat lectus. In est risus, auctor sed, tristique in, tempus sit amet, sem.','2:43 AM','7:21 PM','2019-01-10',149),(100,'Lava Lobelia','Maecenas ut massa quis augue luctus tincidunt. Nulla mollis molestie lorem. Quisque ut erat.','1:37 AM','2:41 PM','2017-12-09',150);
/*!40000 ALTER TABLE `Event` ENABLE KEYS */;
UNLOCK TABLES;

--
-- Table structure for table `EventSkills`
--

DROP TABLE IF EXISTS `EventSkills`;
/*!40101 SET @saved_cs_client     = @@character_set_client */;
/*!40101 SET character_set_client = utf8 */;
CREATE TABLE `EventSkills` (
  `EventID` int(11) DEFAULT NULL,
  `SkillID` int(11) DEFAULT NULL
) ENGINE=InnoDB DEFAULT CHARSET=latin1;
/*!40101 SET character_set_client = @saved_cs_client */;

--
-- Dumping data for table `EventSkills`
--

LOCK TABLES `EventSkills` WRITE;
/*!40000 ALTER TABLE `EventSkills` DISABLE KEYS */;
INSERT INTO `EventSkills` VALUES (71,2),(13,3),(57,1),(55,2),(3,8),(94,5),(90,1),(95,6),(49,9),(56,7),(81,6),(77,2),(99,5),(53,1),(67,7),(69,4),(86,10),(90,2),(54,6),(10,4),(28,8),(90,3),(93,3),(35,4),(9,3),(60,3),(100,3),(82,1),(64,6),(99,8),(4,3),(84,6),(41,7),(72,10),(33,7),(60,2),(34,10),(71,9),(2,4),(87,2),(17,2),(84,9),(30,4),(93,7),(36,1),(88,6),(6,5),(30,3),(49,5),(49,4),(4,7),(31,9),(75,4),(34,10),(31,10),(68,2),(57,1),(84,6),(74,8),(15,9),(27,3),(69,3),(97,7),(48,3),(26,4),(36,7),(66,8),(45,4),(25,9),(62,9),(78,5),(14,6),(95,2),(77,1),(57,1),(78,8),(83,7),(79,3),(66,6),(31,3),(26,1),(48,6),(83,3),(46,10),(13,2),(83,7),(50,5),(19,6),(78,2),(72,4),(65,8),(1,7),(86,3),(10,9),(85,5),(3,9),(8,8),(75,6),(56,1),(61,1),(6,7),(14,10),(9,5),(28,2),(37,4),(92,1),(47,8),(47,9),(96,1),(15,1),(60,5),(57,10),(77,7),(20,8),(70,8),(40,10),(17,6),(26,1),(66,7),(32,7),(3,6),(27,4),(1,5),(86,7),(98,4),(19,9),(65,6),(23,3),(97,5),(56,2),(8,1),(50,5),(87,7),(30,8),(99,5),(93,6),(20,3),(53,1),(43,7),(17,4),(20,9),(18,6),(83,10),(55,4),(31,3),(56,4),(54,7),(15,8),(67,8),(32,10),(35,2),(6,4),(26,4),(38,9),(27,2),(32,5),(93,1),(10,4),(91,7),(88,2),(39,3),(87,6),(94,2),(72,7),(94,4),(94,7),(85,6),(8,7),(81,2),(79,10),(98,10),(5,2),(3,3),(69,2),(43,1),(83,2),(35,6),(95,10),(4,5),(60,9),(46,3),(41,6),(51,10),(3,5),(87,9),(53,2),(97,2),(20,7),(33,8),(72,10),(73,2),(61,7),(92,3),(27,1),(26,9),(95,7),(85,2),(48,1),(43,7),(84,5);
/*!40000 ALTER TABLE `EventSkills` ENABLE KEYS */;
UNLOCK TABLES;

--
-- Table structure for table `Follows`
--

DROP TABLE IF EXISTS `Follows`;
/*!40101 SET @saved_cs_client     = @@character_set_client */;
/*!40101 SET character_set_client = utf8 */;
CREATE TABLE `Follows` (
  `FollowerID` int(11) DEFAULT NULL,
  `PosterID` int(11) DEFAULT NULL
) ENGINE=InnoDB DEFAULT CHARSET=latin1;
/*!40101 SET character_set_client = @saved_cs_client */;

--
-- Dumping data for table `Follows`
--

LOCK TABLES `Follows` WRITE;
/*!40000 ALTER TABLE `Follows` DISABLE KEYS */;
INSERT INTO `Follows` VALUES (45,26),(23,15),(11,20),(47,33),(9,45),(24,20),(3,40),(46,7),(6,35),(47,5),(13,28),(23,50),(25,17),(20,4),(16,16),(41,44),(48,23),(44,1),(31,23),(32,16),(21,9),(3,41),(39,24),(37,24),(27,4),(44,7),(3,9),(32,27),(35,27),(8,35),(8,11),(35,1),(11,25),(41,9),(40,8),(31,33),(2,35),(7,49),(2,25),(7,30),(49,5),(42,22),(2,49),(50,33),(42,10),(49,2),(19,3),(9,26),(27,48),(38,37);
/*!40000 ALTER TABLE `Follows` ENABLE KEYS */;
UNLOCK TABLES;

--
-- Table structure for table `GeneralLocation`
--

DROP TABLE IF EXISTS `GeneralLocation`;
/*!40101 SET @saved_cs_client     = @@character_set_client */;
/*!40101 SET character_set_client = utf8 */;
CREATE TABLE `GeneralLocation` (
  `ID` int(11) DEFAULT NULL,
  `State` text,
  `City` text,
  `ZipCode` int(11) DEFAULT NULL
) ENGINE=InnoDB DEFAULT CHARSET=latin1;
/*!40101 SET character_set_client = @saved_cs_client */;

--
-- Dumping data for table `GeneralLocation`
--

LOCK TABLES `GeneralLocation` WRITE;
/*!40000 ALTER TABLE `GeneralLocation` DISABLE KEYS */;
INSERT INTO `GeneralLocation` VALUES (1,'Georgia','Decatur',30033),(2,'Oregon','Portland',97211),(3,'District of Columbia','Washington',20046),(4,'California','Torrance',90505),(5,'Texas','Houston',77060),(6,'New York','New York City',10165),(7,'Kansas','Topeka',66611),(8,'Virginia','Springfield',22156),(9,'Texas','Houston',77080),(10,'Florida','Boynton Beach',33436),(11,'Connecticut','Waterbury',6705),(12,'Georgia','Savannah',31405),(13,'California','Pasadena',91109),(14,'Virginia','Roanoke',24024),(15,'Oklahoma','Oklahoma City',73135),(16,'District of Columbia','Washington',20580),(17,'Texas','Houston',77266),(18,'California','Orange',92668),(19,'Pennsylvania','Pittsburgh',15235),(20,'Michigan','Detroit',48217),(21,'Pennsylvania','Pittsburgh',15286),(22,'Texas','Tyler',75705),(23,'California','Bakersfield',93386),(24,'California','San Jose',95155),(25,'Ohio','Cincinnati',45264),(26,'Texas','Corpus Christi',78410),(27,'Texas','Amarillo',79165),(28,'California','Oakland',94616),(29,'Washington','Tacoma',98417),(30,'Florida','Tampa',33633),(31,'New Jersey','Jersey City',7305),(32,'District of Columbia','Washington',20231),(33,'Michigan','Grand Rapids',49510),(34,'Louisiana','Baton Rouge',70810),(35,'Virginia','Roanoke',24048),(36,'Florida','Vero Beach',32964),(37,'Georgia','Gainesville',30506),(38,'Mississippi','Hattiesburg',39404),(39,'California','San Jose',95123),(40,'Oklahoma','Oklahoma City',73197),(41,'Nevada','Henderson',89012),(42,'New York','New York City',10045),(43,'Texas','Denton',76205),(44,'Texas','El Paso',88558),(45,'Wisconsin','Milwaukee',53225),(46,'California','Sacramento',94273),(47,'Florida','West Palm Beach',33405),(48,'Texas','Houston',77201),(49,'Georgia','Augusta',30911),(50,'California','Los Angeles',90087);
/*!40000 ALTER TABLE `GeneralLocation` ENABLE KEYS */;
UNLOCK TABLES;

--
-- Table structure for table `GroupEvent`
--

DROP TABLE IF EXISTS `GroupEvent`;
/*!40101 SET @saved_cs_client     = @@character_set_client */;
/*!40101 SET character_set_client = utf8 */;
CREATE TABLE `GroupEvent` (
  `ID` int(11) DEFAULT NULL,
  `CreatorID` int(11) DEFAULT NULL
) ENGINE=InnoDB DEFAULT CHARSET=latin1;
/*!40101 SET character_set_client = @saved_cs_client */;

--
-- Dumping data for table `GroupEvent`
--

LOCK TABLES `GroupEvent` WRITE;
/*!40000 ALTER TABLE `GroupEvent` DISABLE KEYS */;
INSERT INTO `GroupEvent` VALUES (1,10),(2,7),(3,8),(4,9),(5,10),(6,9),(7,10),(8,7),(9,2),(10,9),(11,7),(12,8),(13,1),(14,7),(15,9),(16,10),(17,3),(18,9),(19,1),(20,7),(21,2),(22,9),(23,6),(24,1),(25,2);
/*!40000 ALTER TABLE `GroupEvent` ENABLE KEYS */;
UNLOCK TABLES;

--
-- Table structure for table `Groups`
--

DROP TABLE IF EXISTS `Groups`;
/*!40101 SET @saved_cs_client     = @@character_set_client */;
/*!40101 SET character_set_client = utf8 */;
CREATE TABLE `Groups` (
  `ID` int(11) DEFAULT NULL,
  `GroupName` text,
  `CreatorID` int(11) DEFAULT NULL
) ENGINE=InnoDB DEFAULT CHARSET=latin1;
/*!40101 SET character_set_client = @saved_cs_client */;

--
-- Dumping data for table `Groups`
--

LOCK TABLES `Groups` WRITE;
/*!40000 ALTER TABLE `Groups` DISABLE KEYS */;
INSERT INTO `Groups` VALUES (1,'Overhold',21),(2,'Stim',5),(3,'Gembucket',8),(4,'Duobam',33),(5,'Voyatouch',24),(6,'Treeflex',38),(7,'Andalax',20),(8,'Overhold',10),(9,'Ventosanzap',11),(10,'Sonsing',37);
/*!40000 ALTER TABLE `Groups` ENABLE KEYS */;
UNLOCK TABLES;

--
-- Table structure for table `HasSkill`
--

DROP TABLE IF EXISTS `HasSkill`;
/*!40101 SET @saved_cs_client     = @@character_set_client */;
/*!40101 SET character_set_client = utf8 */;
CREATE TABLE `HasSkill` (
  `ID` int(11) DEFAULT NULL,
  `IndividualID` int(11) DEFAULT NULL,
  `SkillID` int(11) DEFAULT NULL
) ENGINE=InnoDB DEFAULT CHARSET=latin1;
/*!40101 SET character_set_client = @saved_cs_client */;

--
-- Dumping data for table `HasSkill`
--

LOCK TABLES `HasSkill` WRITE;
/*!40000 ALTER TABLE `HasSkill` DISABLE KEYS */;
INSERT INTO `HasSkill` VALUES (1,22,3),(2,2,7),(3,28,1),(4,35,2),(5,38,7),(6,15,1),(7,5,2),(8,9,2),(9,35,7),(10,19,6),(11,43,3),(12,45,4),(13,26,3),(14,16,6),(15,31,2),(16,24,10),(17,40,5),(18,1,6),(19,44,6),(20,44,10),(21,24,6),(22,10,6),(23,37,6),(24,46,5),(25,7,2),(26,29,2),(27,43,3),(28,12,9),(29,48,5),(30,1,4),(31,24,1),(32,45,6),(33,4,2),(34,18,3),(35,35,2),(36,1,9),(37,1,3),(38,48,10),(39,17,1),(40,27,1),(41,20,3),(42,25,5),(43,4,9),(44,25,10),(45,48,3),(46,13,6),(47,6,2),(48,45,6),(49,33,3),(50,43,1),(51,34,2),(52,36,4),(53,48,3),(54,2,10),(55,15,7),(56,36,3),(57,25,4),(58,2,9),(59,2,10),(60,27,8),(61,46,2),(62,15,9),(63,6,9),(64,34,7),(65,41,7),(66,7,2),(67,39,9),(68,47,9),(69,35,6),(70,39,4),(71,5,10),(72,32,10),(73,35,4),(74,11,6),(75,40,1),(76,19,5),(77,13,10),(78,43,7),(79,1,1),(80,50,6),(81,17,10),(82,9,5),(83,29,4),(84,45,2),(85,45,9),(86,44,6),(87,43,8),(88,11,1),(89,15,8),(90,15,5),(91,24,3),(92,23,9),(93,13,3),(94,36,5),(95,15,1),(96,3,6),(97,7,9),(98,1,1),(99,38,3),(100,49,5),(101,47,2),(102,30,7),(103,20,10),(104,2,1),(105,14,1),(106,44,3),(107,28,9),(108,47,10),(109,39,1),(110,15,6),(111,23,1),(112,29,1),(113,18,7),(114,12,10),(115,17,7),(116,35,4),(117,48,3),(118,40,2),(119,18,2),(120,27,10),(121,12,9),(122,25,10),(123,32,7),(124,33,1),(125,38,10),(126,40,10),(127,37,3),(128,43,1),(129,14,7),(130,1,3),(131,8,4),(132,20,3),(133,4,10),(134,32,7),(135,10,5),(136,40,10),(137,23,7),(138,38,2),(139,12,9),(140,49,6),(141,50,7),(142,25,1),(143,10,8),(144,18,1),(145,19,4),(146,47,7),(147,48,9),(148,28,4),(149,11,1),(150,39,9),(151,8,7),(152,12,3),(153,36,1),(154,21,6),(155,28,5),(156,39,4),(157,14,10),(158,14,2),(159,38,1),(160,19,3),(161,24,3),(162,41,3),(163,43,8),(164,13,7),(165,33,2),(166,39,6),(167,7,1),(168,39,1),(169,44,10),(170,41,2),(171,22,8),(172,34,8),(173,50,2),(174,48,5),(175,36,9),(176,42,5),(177,40,1),(178,41,9),(179,40,4),(180,34,3),(181,6,2),(182,3,6),(183,22,2),(184,18,1),(185,47,10),(186,13,6),(187,23,10),(188,43,8),(189,19,5),(190,49,6),(191,34,5),(192,25,4),(193,17,1),(194,21,7),(195,21,2),(196,3,8),(197,44,1),(198,16,8),(199,29,8),(200,3,1);
/*!40000 ALTER TABLE `HasSkill` ENABLE KEYS */;
UNLOCK TABLES;

--
-- Table structure for table `InGroup`
--

DROP TABLE IF EXISTS `InGroup`;
/*!40101 SET @saved_cs_client     = @@character_set_client */;
/*!40101 SET character_set_client = utf8 */;
CREATE TABLE `InGroup` (
  `IndividualID` int(11) DEFAULT NULL,
  `GroupID` int(11) DEFAULT NULL
) ENGINE=InnoDB DEFAULT CHARSET=latin1;
/*!40101 SET character_set_client = @saved_cs_client */;

--
-- Dumping data for table `InGroup`
--

LOCK TABLES `InGroup` WRITE;
/*!40000 ALTER TABLE `InGroup` DISABLE KEYS */;
INSERT INTO `InGroup` VALUES (13,6),(38,1),(49,4),(18,2),(20,10),(9,3),(24,1),(37,1),(16,1),(44,7),(34,5),(5,3),(23,10),(40,2),(15,10),(35,1),(1,10),(1,6),(2,9),(38,6),(41,5),(10,8),(38,2),(31,4),(41,6);
/*!40000 ALTER TABLE `InGroup` ENABLE KEYS */;
UNLOCK TABLES;

--
-- Table structure for table `Individual`
--

DROP TABLE IF EXISTS `Individual`;
/*!40101 SET @saved_cs_client     = @@character_set_client */;
/*!40101 SET character_set_client = utf8 */;
CREATE TABLE `Individual` (
  `ID` int(11) DEFAULT NULL,
  `DisplayName` text,
  `Email` text,
  `Phone` bigint(20) DEFAULT NULL,
  `LocationID` int(11) DEFAULT NULL
) ENGINE=InnoDB DEFAULT CHARSET=latin1;
/*!40101 SET character_set_client = @saved_cs_client */;

--
-- Dumping data for table `Individual`
--

LOCK TABLES `Individual` WRITE;
/*!40000 ALTER TABLE `Individual` DISABLE KEYS */;
INSERT INTO `Individual` VALUES (1,'bheimann0','rphilipps0@indiegogo.com',5376851144,1),(2,'rrobard1','cehlerding1@mail.ru',5508769821,2),(3,'hhosby2','nsoppit2@symantec.com',8809459033,3),(4,'lnelles3','rtorns3@ocn.ne.jp',1612064920,4),(5,'ccampanelli4','domullan4@trellian.com',4691491067,5),(6,'frowney5','abellas5@trellian.com',7986348890,6),(7,'prenyard6','jmicah6@sciencedaily.com',6773041182,7),(8,'rpicknett7','hhacard7@moonfruit.com',2001338564,8),(9,'dmayfield8','ybrierley8@wired.com',1101143001,9),(10,'mcypler9','zmccard9@cbc.ca',7333358266,10),(11,'clangfata','jhannanta@sogou.com',1248246880,11),(12,'ychessillb','pbettingtonb@reuters.com',2001597600,12),(13,'akinneyc','kriccic@prlog.org',9728285870,13),(14,'jhaigd','kscrined@php.net',8088886628,14),(15,'trattenburye','fsaladine@amazon.co.uk',1427763319,15),(16,'hattewf','mwalentynowiczf@booking.com',2897221601,16),(17,'sshierg','mlibrerosg@discuz.net',4507450330,17),(18,'cselfh','dbrackleyh@ox.ac.uk',2026608492,18),(19,'cfreeburyi','cbraunthali@wiley.com',8968735603,19),(20,'rsigartj','sgeardj@bbb.org',1061995379,20),(21,'fgarnhamk','mgrelkak@mediafire.com',2615617809,21),(22,'lmathyl','epotburyl@nasa.gov',7634369250,22),(23,'pguyonnetm','aogbornm@rambler.ru',5959153006,23),(24,'hstrandn','jchevinsn@indiatimes.com',4618994474,24),(25,'cferrottio','fmanasso@businessinsider.com',2039867137,25),(26,'scansdellp','kmaidesp@flavors.me',6502710510,26),(27,'ffawloeq','cblondelq@ucoz.com',3579704489,27),(28,'gianninir','rlargenr@ifeng.com',8133439605,28),(29,'lmelwalls','tbunfords@disqus.com',7993428209,29),(30,'aivanetst','upridittt@merriam-webster.com',9372732750,30),(31,'mgeorgievskiu','mpinnocku@admin.ch',4183419678,31),(32,'clewsamv','wtollerfieldv@themeforest.net',2295870468,32),(33,'cmeakinw','tneaversonw@walmart.com',1752877414,33),(34,'clambdonx','pcoastx@nytimes.com',3399642800,34),(35,'mlurcocky','nbugdally@nhs.uk',3255817139,35),(36,'flabesz','kpreshoz@techcrunch.com',9881382439,36),(37,'fbellany10','wmccreery10@csmonitor.com',9936573844,37),(38,'tsteinor11','rbloore11@netvibes.com',1419600771,38),(39,'ovillalta12','lkubacek12@ocn.ne.jp',5806807840,39),(40,'mstranks13','hhudel13@economist.com',4281906966,40),(41,'aconnett14','hagass14@mail.ru',6478218999,41),(42,'hguinery15','ccolthard15@telegraph.co.uk',4227048600,42),(43,'kvanderkruijs16','ccharnock16@clickbank.net',2633006495,43),(44,'rleveritt17','eputtrell17@livejournal.com',5787375706,44),(45,'msandland18','ngartan18@stumbleupon.com',2333171608,45),(46,'hshapter19','bholtham19@fda.gov',8765555881,46),(47,'nbernolet1a','bhenniger1a@nps.gov',1503131463,47),(48,'dluxton1b','afourman1b@netlog.com',1486158775,48),(49,'abenford1c','ymolan1c@loc.gov',4577683799,49),(50,'mblewmen1d','eflacke1d@squidoo.com',4536686982,50);
/*!40000 ALTER TABLE `Individual` ENABLE KEYS */;
UNLOCK TABLES;

--
-- Table structure for table `IndividualEvent`
--

DROP TABLE IF EXISTS `IndividualEvent`;
/*!40101 SET @saved_cs_client     = @@character_set_client */;
/*!40101 SET character_set_client = utf8 */;
CREATE TABLE `IndividualEvent` (
  `ID` int(11) DEFAULT NULL,
  `CreatorID` int(11) DEFAULT NULL
) ENGINE=InnoDB DEFAULT CHARSET=latin1;
/*!40101 SET character_set_client = @saved_cs_client */;

--
-- Dumping data for table `IndividualEvent`
--

LOCK TABLES `IndividualEvent` WRITE;
/*!40000 ALTER TABLE `IndividualEvent` DISABLE KEYS */;
INSERT INTO `IndividualEvent` VALUES (1,1),(2,2),(3,3),(4,4),(5,5),(6,6),(7,7),(8,8),(9,9),(10,10),(11,11),(12,12),(13,13),(14,14),(15,15),(16,16),(17,17),(18,18),(19,19),(20,20),(21,21),(22,22),(23,23),(24,24),(25,25);
/*!40000 ALTER TABLE `IndividualEvent` ENABLE KEYS */;
UNLOCK TABLES;

--
-- Table structure for table `Location`
--

DROP TABLE IF EXISTS `Location`;
/*!40101 SET @saved_cs_client     = @@character_set_client */;
/*!40101 SET character_set_client = utf8 */;
CREATE TABLE `Location` (
  `ID` int(11) DEFAULT NULL,
  `Address` text,
  `City` text,
  `State` text,
  `ZipCode` int(11) DEFAULT NULL,
  `Latitude` double DEFAULT NULL,
  `Longitude` double DEFAULT NULL
) ENGINE=InnoDB DEFAULT CHARSET=latin1;
/*!40101 SET character_set_client = @saved_cs_client */;

--
-- Dumping data for table `Location`
--

LOCK TABLES `Location` WRITE;
/*!40000 ALTER TABLE `Location` DISABLE KEYS */;
INSERT INTO `Location` VALUES (1,'8070 Redwing Road','Carson City','Nevada',89714,39.1678,-119.7764),(2,'5 Dexter Way','Little Rock','Arkansas',72204,34.7269,-92.344),(3,'54 Lake View Center','Roanoke','Virginia',24004,37.2742,-79.9579),(4,'1501 Jana Road','Atlanta','Georgia',30392,33.8444,-84.474),(5,'74290 Lerdahl Circle','Orlando','Florida',32835,28.5289,-81.4787),(6,'27942 Carey Road','Mobile','Alabama',36622,30.6589,-88.178),(7,'68 Hanover Parkway','Sacramento','California',94286,38.3774,-121.4444),(8,'8932 Vera Street','Fresno','California',93750,36.7464,-119.6397),(9,'29830 Melody Lane','Colorado Springs','Colorado',80935,38.8247,-104.562),(10,'6 East Street','Pittsburgh','Pennsylvania',15274,40.4344,-80.0248),(11,'0 Melrose Drive','Trenton','New Jersey',8619,40.2418,-74.6962),(12,'745 Oakridge Avenue','Hollywood','Florida',33028,26.0185,-80.3449),(13,'119 Crest Line Alley','Milwaukee','Wisconsin',53215,43.006,-87.9429),(14,'379 Doe Crossing Park','Gatesville','Texas',76598,31.3902,-97.7993),(15,'871 Bluejay Lane','Dearborn','Michigan',48126,42.3349,-83.1801),(16,'1855 Old Gate Point','Reno','Nevada',89519,39.4814,-119.8591),(17,'52676 Merrick Pass','Oakland','California',94616,37.8044,-122.2698),(18,'898 Sherman Alley','Kansas City','Missouri',64125,39.1042,-94.4923),(19,'2361 Kennedy Terrace','Evansville','Indiana',47747,37.9971,-87.575),(20,'71665 Kinsman Park','Tacoma','Washington',98481,47.0662,-122.1132),(21,'4534 Hansons Point','Portland','Oregon',97240,45.5806,-122.3748),(22,'627 Redwing Parkway','Buffalo','New York',14210,42.8614,-78.8206),(23,'0 Michigan Plaza','Austin','Texas',78715,30.4501,-97.4865),(24,'071 Talisman Avenue','Waterloo','Iowa',50706,42.4156,-92.2703),(25,'577 Stone Corner Terrace','Washington','District of Columbia',20022,38.945,-77.0364),(26,'138 Rockefeller Pass','Corpus Christi','Texas',78415,27.7262,-97.4078),(27,'86 Sunfield Road','Washington','District of Columbia',20525,38.8933,-77.0146),(28,'1 Anniversary Alley','Jacksonville','Florida',32230,30.3449,-81.6831),(29,'9 Orin Street','Louisville','Kentucky',40205,38.2222,-85.6885),(30,'036 Oriole Lane','Pittsburgh','Pennsylvania',15279,40.4344,-80.0248),(31,'682 Buell Road','Brooklyn','New York',11205,40.6924,-73.9666),(32,'30828 4th Plaza','Fresno','California',93726,36.7949,-119.7604),(33,'04 Hayes Court','Virginia Beach','Virginia',23454,36.8282,-76.0237),(34,'90386 Crescent Oaks Court','Riverside','California',92519,33.7529,-116.0556),(35,'9250 Melvin Alley','New Orleans','Louisiana',70116,29.9686,-90.0646),(36,'49885 Bobwhite Lane','Des Moines','Iowa',50320,41.5487,-93.5827),(37,'758 Marcy Pass','Roanoke','Virginia',24014,37.2327,-79.9463),(38,'4 Sullivan Avenue','Miami','Florida',33190,25.5593,-80.3483),(39,'75154 Anzinger Trail','Shreveport','Louisiana',71115,32.3401,-93.6092),(40,'87750 Corben Crossing','Nashville','Tennessee',37250,36.1866,-86.7852),(41,'7 Amoth Junction','Plano','Texas',75074,33.0277,-96.6777),(42,'6345 Vahlen Point','San Bernardino','California',92424,34.84,-115.9671),(43,'20 Waxwing Crossing','Fairbanks','Alaska',99709,64.8544,-147.8469),(44,'162 Service Center','New Orleans','Louisiana',70183,29.6779,-90.0901),(45,'17 Sauthoff Plaza','Shawnee Mission','Kansas',66276,38.8999,-94.832),(46,'59687 Mallard Place','Houston','Texas',77201,29.834,-95.4342),(47,'03395 Kinsman Avenue','Charlotte','North Carolina',28235,35.26,-80.8042),(48,'5092 Truax Crossing','Washington','District of Columbia',56944,38.8952,-77.0365),(49,'353 Bobwhite Center','Anaheim','California',92812,33.817,-117.9286),(50,'12235 Lighthouse Bay Court','Minneapolis','Minnesota',55487,45.0159,-93.4719),(51,'72 Northport Point','Carol Stream','Illinois',60351,41.9166,-88.1208),(52,'939 Sunfield Avenue','Huntington','West Virginia',25711,38.4134,-82.2774),(53,'98038 Ridge Oak Alley','Temple','Texas',76505,31.0363,-97.492),(54,'90031 Troy Lane','Gadsden','Alabama',35905,33.9352,-85.9576),(55,'6477 Sunnyside Avenue','Salt Lake City','Utah',84110,40.6681,-111.9083),(56,'45541 Leroy Plaza','Orlando','Florida',32859,28.4429,-81.4026),(57,'1125 Stoughton Court','Houston','Texas',77015,29.7853,-95.1852),(58,'8870 Melrose Hill','San Francisco','California',94154,37.7848,-122.7278),(59,'78682 Tennyson Pass','Salt Lake City','Utah',84115,40.7145,-111.8931),(60,'77765 Hanover Alley','Jersey City','New Jersey',7310,40.7324,-74.0431),(61,'2756 Bunting Center','Houston','Texas',77223,29.834,-95.4342),(62,'528 Oakridge Terrace','Oakland','California',94627,37.6802,-121.9215),(63,'25 Loeprich Terrace','Erie','Pennsylvania',16505,42.1109,-80.1534),(64,'05 Longview Terrace','Orlando','Florida',32808,28.5803,-81.4396),(65,'35604 Bunker Hill Way','Pompano Beach','Florida',33069,26.2288,-80.1635),(66,'39 Caliangt Center','Erie','Pennsylvania',16505,42.1109,-80.1534),(67,'7918 Melby Lane','Fort Lauderdale','Florida',33355,26.1457,-80.4483),(68,'0 Eggendart Place','Chicago','Illinois',60663,41.8119,-87.6873),(69,'65008 Walton Trail','Albany','New York',12255,42.6149,-73.9708),(70,'6632 Mariners Cove Place','Nashville','Tennessee',37250,36.1866,-86.7852),(71,'1 Sommers Plaza','Lawrenceville','Georgia',30245,33.9464,-83.9912),(72,'42526 Anhalt Center','Pittsburgh','Pennsylvania',15255,40.4344,-80.0248),(73,'8 Crowley Junction','Denver','Colorado',80209,39.7074,-104.9686),(74,'5601 Nevada Trail','Amarillo','Texas',79159,35.216,-102.0714),(75,'16848 Scott Drive','Washington','District of Columbia',20036,38.9087,-77.0414),(76,'28722 Golf View Way','Salt Lake City','Utah',84199,40.7259,-111.9394),(77,'4212 Columbus Center','Worcester','Massachusetts',1605,42.2894,-71.7888),(78,'9 Center Park','Hattiesburg','Mississippi',39404,31.1721,-89.2948),(79,'7285 Londonderry Lane','Jamaica','New York',11436,40.6763,-73.7966),(80,'16 Tony Circle','Bronx','New York',10454,40.8085,-73.9198),(81,'34 Oak Road','Austin','Texas',78764,30.4455,-97.6595),(82,'2221 Upham Alley','Springfield','Illinois',62711,39.7655,-89.7293),(83,'057 Northridge Pass','Buffalo','New York',14263,42.7684,-78.8871),(84,'71601 North Junction','Maple Plain','Minnesota',55572,45.0159,-93.4719),(85,'51281 Rusk Way','Lakewood','Washington',98498,47.1591,-122.5485),(86,'8439 Steensland Circle','South Bend','Indiana',46699,41.5968,-86.293),(87,'81 3rd Pass','San Francisco','California',94116,37.7441,-122.4863),(88,'61 Bellgrove Court','Norfolk','Virginia',23520,36.9312,-76.2397),(89,'70 Sunnyside Drive','Harrisburg','Pennsylvania',17121,40.2944,-76.8938),(90,'18 Morning Way','Pompano Beach','Florida',33069,26.2288,-80.1635),(91,'557 Springs Court','Wichita','Kansas',67260,37.7194,-97.2936),(92,'056 Anderson Alley','Tacoma','Washington',98405,47.2484,-122.4644),(93,'4 Carey Alley','Lancaster','California',93584,33.7866,-118.2987),(94,'43 Cardinal Avenue','Albuquerque','New Mexico',87115,35.0549,-106.5461),(95,'1 Del Sol Place','Huntington','West Virginia',25716,38.4134,-82.2774),(96,'5 Ridgeview Plaza','Wilmington','Delaware',19810,39.8188,-75.5064),(97,'5 High Crossing Circle','Nashville','Tennessee',37235,36.1866,-86.7852),(98,'01613 John Wall Court','Hartford','Connecticut',6105,41.7691,-72.701),(99,'8 Prairie Rose Avenue','Corpus Christi','Texas',78475,27.777,-97.4632),(100,'9 Old Gate Alley','Hayward','California',94544,37.6374,-122.067),(101,'73246 4th Drive','Madison','Wisconsin',53716,43.0631,-89.3133),(102,'3078 Sheridan Hill','Littleton','Colorado',80127,39.592,-105.1328),(103,'8 Evergreen Circle','Nashville','Tennessee',37215,36.0986,-86.8219),(104,'28 Blaine Court','Seattle','Washington',98148,47.4441,-122.3249),(105,'390 Mifflin Pass','New Haven','Connecticut',6505,41.3057,-72.7799),(106,'8 Bunting Center','Saint Louis','Missouri',63126,38.5495,-90.3811),(107,'12944 Jackson Point','Washington','District of Columbia',56944,38.8952,-77.0365),(108,'9774 Miller Junction','Mansfield','Ohio',44905,40.7779,-82.4613),(109,'15475 Stang Crossing','Springfield','Illinois',62723,39.7495,-89.606),(110,'39659 Vidon Center','Winston Salem','North Carolina',27105,36.144,-80.2376),(111,'612 Dunning Trail','Anderson','Indiana',46015,40.0938,-85.6578),(112,'17105 Jenifer Terrace','Austin','Texas',78769,30.3264,-97.7713),(113,'178 Valley Edge Place','Lynchburg','Virginia',24503,37.4376,-79.205),(114,'09765 3rd Place','Saint Paul','Minnesota',55115,45.071,-92.9391),(115,'97616 Granby Trail','Waterbury','Connecticut',6721,41.3657,-72.9275),(116,'38690 Longview Hill','Metairie','Louisiana',70033,29.6779,-90.0901),(117,'9 Eastwood Point','Independence','Missouri',64054,39.11,-94.4401),(118,'774 Old Gate Place','Moreno Valley','California',92555,33.9377,-117.1851),(119,'2521 Fremont Point','Huntington','West Virginia',25726,38.4134,-82.2774),(120,'7911 Loftsgordon Way','Palm Bay','Florida',32909,27.9694,-80.6473),(121,'08 East Crossing','Las Vegas','Nevada',89110,36.173,-115.0669),(122,'28009 Mayer Court','Glendale','Arizona',85305,33.5291,-112.2482),(123,'45096 Evergreen Alley','Tacoma','Washington',98405,47.2484,-122.4644),(124,'695 Londonderry Junction','Chicago','Illinois',60604,41.8784,-87.633),(125,'4689 Golden Leaf Avenue','Houston','Texas',77015,29.7853,-95.1852),(126,'95764 Mesta Plaza','Peoria','Illinois',61605,40.6775,-89.6263),(127,'97665 Reinke Place','Paterson','New Jersey',7505,40.9166,-74.174),(128,'28600 Lakewood Trail','Tucson','Arizona',85715,32.2519,-110.82),(129,'71 Kropf Terrace','Des Moines','Iowa',50320,41.5487,-93.5827),(130,'0 Susan Drive','Rochester','Minnesota',55905,44.0225,-92.4668),(131,'99 Meadow Valley Terrace','Worcester','Massachusetts',1610,42.2492,-71.8108),(132,'4694 Doe Crossing Alley','Jacksonville','Florida',32255,30.287,-81.3893),(133,'598 Springview Drive','Oklahoma City','Oklahoma',73135,35.411,-97.4388),(134,'67 Moland Road','Knoxville','Tennessee',37939,35.9901,-83.9622),(135,'286 Forest Dale Pass','Seattle','Washington',98104,47.6036,-122.3256),(136,'4122 Buena Vista Hill','Sterling','Virginia',20167,39.0853,-77.6452),(137,'7797 Cambridge Lane','El Paso','Texas',79916,31.7444,-106.2879),(138,'0888 Lukken Lane','Gainesville','Georgia',30506,34.3562,-83.8882),(139,'236 Maryland Court','Youngstown','Ohio',44511,41.0704,-80.6931),(140,'7 Kinsman Avenue','Lexington','Kentucky',40576,38.0283,-84.4715),(141,'82368 Dovetail Hill','Fort Worth','Texas',76105,32.7233,-97.269),(142,'26272 Hagan Drive','San Diego','California',92191,33.0169,-116.846),(143,'98485 Esker Park','Las Vegas','Nevada',89145,36.1693,-115.2828),(144,'8268 Blue Bill Park Point','Charleston','West Virginia',25356,38.2968,-81.5547),(145,'0 Milwaukee Junction','Indianapolis','Indiana',46266,39.7795,-86.1328),(146,'55547 Welch Alley','Kansas City','Kansas',66160,39.0966,-94.7495),(147,'71 Warrior Alley','Charleston','West Virginia',25331,38.2968,-81.5547),(148,'5931 Sycamore Terrace','Tampa','Florida',33647,28.1147,-82.3678),(149,'8 Independence Parkway','Arlington','Texas',76004,32.7714,-97.2915),(150,'41506 Crownhardt Trail','Buffalo','New York',14233,42.7684,-78.8871);
/*!40000 ALTER TABLE `Location` ENABLE KEYS */;
UNLOCK TABLES;

--
-- Table structure for table `NonProfit`
--

DROP TABLE IF EXISTS `NonProfit`;
/*!40101 SET @saved_cs_client     = @@character_set_client */;
/*!40101 SET character_set_client = utf8 */;
CREATE TABLE `NonProfit` (
  `ID` int(11) DEFAULT NULL,
  `NonProfitName` text,
  `Description` text,
  `Summary` text,
  `LocationID` int(11) DEFAULT NULL
) ENGINE=InnoDB DEFAULT CHARSET=latin1;
/*!40101 SET character_set_client = @saved_cs_client */;

--
-- Dumping data for table `NonProfit`
--

LOCK TABLES `NonProfit` WRITE;
/*!40000 ALTER TABLE `NonProfit` DISABLE KEYS */;
INSERT INTO `NonProfit` VALUES (1,'jbonnick0','Curabitur at ipsum ac tellus semper interdum. Mauris ullamcorper purus sit amet nulla. Quisque arcu libero, rutrum ac, lobortis vel, dapibus at, diam.','ligula sit amet eleifend pede libero quis orci nullam molestie nibh in lectus pellentesque at nulla suspendisse potenti cras in purus eu magna vulputate luctus cum sociis natoque penatibus et magnis dis parturient montes nascetur ridiculus mus vivamus vestibulum sagittis sapien cum sociis natoque penatibus et magnis dis parturient montes nascetur ridiculus mus etiam vel augue vestibulum rutrum rutrum neque aenean auctor gravida sem praesent id massa id nisl venenatis lacinia aenean sit amet justo morbi ut odio cras mi pede malesuada in imperdiet et commodo vulputate justo in blandit ultrices enim lorem ipsum dolor sit amet consectetuer adipiscing elit proin interdum mauris non ligula pellentesque',1),(2,'pchown1','Maecenas leo odio, condimentum id, luctus nec, molestie sed, justo. Pellentesque viverra pede ac diam. Cras pellentesque volutpat dui.\n\nMaecenas tristique, est et tempus semper, est quam pharetra magna, ac consequat metus sapien ut nunc. Vestibulum ante ipsum primis in faucibus orci luctus et ultrices posuere cubilia Curae; Mauris viverra diam vitae quam. Suspendisse potenti.','blandit ultrices enim lorem ipsum dolor sit amet consectetuer adipiscing elit proin interdum mauris non ligula pellentesque ultrices phasellus id sapien in sapien iaculis congue vivamus metus arcu adipiscing molestie hendrerit at vulputate vitae nisl aenean lectus pellentesque eget nunc donec quis orci eget orci vehicula condimentum curabitur in libero ut massa volutpat convallis morbi odio odio elementum eu interdum eu tincidunt in leo maecenas pulvinar lobortis est phasellus sit amet erat nulla tempus vivamus in felis eu sapien cursus vestibulum proin eu mi nulla ac enim in tempor turpis nec euismod scelerisque quam turpis adipiscing lorem vitae mattis nibh ligula nec sem duis aliquam convallis nunc proin at turpis',2),(3,'vgunthorpe2','Maecenas ut massa quis augue luctus tincidunt. Nulla mollis molestie lorem. Quisque ut erat.\n\nCurabitur gravida nisi at nibh. In hac habitasse platea dictumst. Aliquam augue quam, sollicitudin vitae, consectetuer eget, rutrum at, lorem.\n\nInteger tincidunt ante vel ipsum. Praesent blandit lacinia erat. Vestibulum sed magna at nunc commodo placerat.','convallis morbi odio odio elementum eu interdum eu tincidunt in leo maecenas pulvinar lobortis est phasellus sit amet erat nulla tempus vivamus in felis eu sapien cursus vestibulum proin eu mi nulla ac enim in tempor turpis nec euismod scelerisque quam turpis adipiscing lorem vitae mattis nibh ligula nec sem duis aliquam convallis nunc proin at turpis a pede posuere nonummy integer non velit donec diam neque vestibulum eget vulputate ut ultrices vel augue vestibulum ante ipsum primis in faucibus orci luctus et ultrices posuere cubilia curae donec pharetra magna vestibulum aliquet ultrices erat tortor sollicitudin mi sit amet lobortis sapien sapien non mi integer ac neque duis bibendum morbi non quam nec dui luctus rutrum nulla tellus in sagittis dui vel nisl duis ac nibh fusce lacus purus aliquet at feugiat non pretium quis lectus suspendisse potenti in eleifend',3),(4,'vkorn3','Aenean lectus. Pellentesque eget nunc. Donec quis orci eget orci vehicula condimentum.\n\nCurabitur in libero ut massa volutpat convallis. Morbi odio odio, elementum eu, interdum eu, tincidunt in, leo. Maecenas pulvinar lobortis est.\n\nPhasellus sit amet erat. Nulla tempus. Vivamus in felis eu sapien cursus vestibulum.','aliquet pulvinar sed nisl nunc rhoncus dui vel sem sed sagittis nam congue risus semper porta volutpat quam pede lobortis ligula sit amet eleifend pede libero quis orci nullam molestie nibh in lectus pellentesque at nulla suspendisse potenti cras in purus eu magna vulputate luctus cum sociis natoque penatibus et magnis dis parturient montes nascetur ridiculus mus vivamus vestibulum sagittis sapien cum sociis natoque penatibus et magnis dis parturient montes nascetur ridiculus mus etiam vel augue vestibulum rutrum rutrum neque aenean auctor gravida sem praesent id massa id nisl venenatis lacinia aenean sit amet justo morbi ut odio cras mi pede malesuada in imperdiet',4),(5,'lhague4','Fusce consequat. Nulla nisl. Nunc nisl.','cubilia curae donec pharetra magna vestibulum aliquet ultrices erat tortor sollicitudin mi sit amet lobortis sapien sapien non mi integer ac neque duis bibendum morbi non quam nec dui luctus rutrum nulla tellus in sagittis dui vel nisl duis ac nibh fusce lacus purus aliquet at feugiat non pretium quis lectus suspendisse potenti in eleifend quam a odio in hac habitasse platea dictumst maecenas ut massa quis augue luctus tincidunt nulla mollis molestie lorem quisque ut erat curabitur gravida nisi at nibh in hac habitasse platea dictumst aliquam augue quam sollicitudin vitae consectetuer eget rutrum at lorem integer tincidunt ante vel',5),(6,'ebenes5','Maecenas tristique, est et tempus semper, est quam pharetra magna, ac consequat metus sapien ut nunc. Vestibulum ante ipsum primis in faucibus orci luctus et ultrices posuere cubilia Curae; Mauris viverra diam vitae quam. Suspendisse potenti.\n\nNullam porttitor lacus at turpis. Donec posuere metus vitae ipsum. Aliquam non mauris.\n\nMorbi non lectus. Aliquam sit amet diam in magna bibendum imperdiet. Nullam orci pede, venenatis non, sodales sed, tincidunt eu, felis.','vitae mattis nibh ligula nec sem duis aliquam convallis nunc proin at turpis a pede posuere nonummy integer non velit donec diam neque vestibulum eget vulputate ut ultrices vel augue vestibulum ante ipsum primis in faucibus orci luctus et ultrices posuere cubilia curae donec pharetra magna vestibulum aliquet ultrices erat tortor sollicitudin mi sit amet lobortis sapien sapien non mi integer ac neque duis bibendum morbi non quam nec dui luctus rutrum nulla tellus in sagittis dui vel nisl duis ac nibh fusce lacus purus aliquet at feugiat non pretium quis lectus suspendisse potenti in eleifend quam a odio in hac habitasse platea dictumst maecenas ut massa quis augue luctus tincidunt',6),(7,'elackie6','Etiam vel augue. Vestibulum rutrum rutrum neque. Aenean auctor gravida sem.\n\nPraesent id massa id nisl venenatis lacinia. Aenean sit amet justo. Morbi ut odio.\n\nCras mi pede, malesuada in, imperdiet et, commodo vulputate, justo. In blandit ultrices enim. Lorem ipsum dolor sit amet, consectetuer adipiscing elit.','mi pede malesuada in imperdiet et commodo vulputate justo in blandit ultrices enim lorem ipsum dolor sit amet consectetuer adipiscing elit proin interdum mauris non ligula pellentesque ultrices phasellus id sapien in sapien iaculis congue vivamus metus arcu adipiscing molestie hendrerit at vulputate vitae nisl aenean lectus pellentesque eget nunc donec quis orci eget orci vehicula condimentum curabitur in libero ut massa volutpat convallis morbi odio odio elementum eu interdum eu tincidunt in leo maecenas pulvinar lobortis est phasellus sit amet erat nulla tempus vivamus in felis eu sapien cursus vestibulum proin eu mi nulla ac enim in tempor turpis nec euismod scelerisque quam turpis adipiscing lorem vitae mattis nibh ligula nec sem duis aliquam convallis nunc',7),(8,'enorthall7','In hac habitasse platea dictumst. Morbi vestibulum, velit id pretium iaculis, diam erat fermentum justo, nec condimentum neque sapien placerat ante. Nulla justo.','semper est quam pharetra magna ac consequat metus sapien ut nunc vestibulum ante ipsum primis in faucibus orci luctus et ultrices posuere cubilia curae mauris viverra diam vitae quam suspendisse potenti nullam porttitor lacus at turpis donec posuere metus vitae ipsum aliquam non mauris morbi non lectus aliquam sit amet diam in magna bibendum imperdiet nullam orci pede venenatis non sodales sed tincidunt eu felis fusce posuere felis sed lacus morbi sem mauris laoreet ut rhoncus aliquet pulvinar sed nisl nunc rhoncus dui vel sem sed sagittis nam congue risus semper porta volutpat quam pede lobortis ligula sit amet eleifend pede libero quis orci nullam molestie nibh in lectus pellentesque at nulla suspendisse potenti cras in purus eu magna vulputate luctus cum sociis natoque penatibus et magnis dis parturient montes nascetur ridiculus mus vivamus vestibulum sagittis sapien cum sociis natoque penatibus et magnis dis',8),(9,'rmatthisson8','Duis bibendum. Morbi non quam nec dui luctus rutrum. Nulla tellus.\n\nIn sagittis dui vel nisl. Duis ac nibh. Fusce lacus purus, aliquet at, feugiat non, pretium quis, lectus.','orci nullam molestie nibh in lectus pellentesque at nulla suspendisse potenti cras in purus eu magna vulputate luctus cum sociis natoque penatibus et magnis dis parturient montes nascetur ridiculus mus vivamus vestibulum sagittis sapien cum sociis natoque penatibus et magnis dis parturient montes nascetur ridiculus mus etiam vel augue vestibulum rutrum rutrum neque aenean auctor gravida sem praesent id massa id nisl venenatis lacinia aenean sit amet justo morbi ut odio cras mi pede malesuada in imperdiet et commodo vulputate justo in blandit ultrices enim lorem ipsum dolor sit amet consectetuer adipiscing elit proin interdum mauris non ligula pellentesque ultrices phasellus id sapien in sapien iaculis congue vivamus metus arcu adipiscing molestie hendrerit at vulputate vitae nisl aenean lectus pellentesque eget nunc donec quis orci eget orci vehicula condimentum curabitur in libero ut massa volutpat convallis morbi odio',9),(10,'jmatusov9','Pellentesque at nulla. Suspendisse potenti. Cras in purus eu magna vulputate luctus.','in leo maecenas pulvinar lobortis est phasellus sit amet erat nulla tempus vivamus in felis eu sapien cursus vestibulum proin eu mi nulla ac enim in tempor turpis nec euismod scelerisque quam turpis adipiscing lorem vitae mattis nibh ligula nec sem duis aliquam convallis nunc proin at turpis a pede posuere nonummy integer non velit donec diam neque vestibulum eget vulputate ut ultrices vel augue vestibulum ante ipsum primis in faucibus orci luctus et ultrices posuere cubilia curae donec pharetra magna vestibulum aliquet ultrices erat tortor sollicitudin mi sit amet lobortis sapien sapien non mi integer ac neque duis bibendum morbi non quam nec dui luctus rutrum nulla tellus in sagittis dui vel nisl duis ac nibh',10),(11,'torreda','Quisque porta volutpat erat. Quisque erat eros, viverra eget, congue eget, semper rutrum, nulla. Nunc purus.\n\nPhasellus in felis. Donec semper sapien a libero. Nam dui.\n\nProin leo odio, porttitor id, consequat in, consequat ut, nulla. Sed accumsan felis. Ut at dolor quis odio consequat varius.','velit id pretium iaculis diam erat fermentum justo nec condimentum neque sapien placerat ante nulla justo aliquam quis turpis eget elit sodales scelerisque mauris sit amet eros suspendisse accumsan tortor quis turpis sed ante vivamus tortor duis mattis egestas metus aenean fermentum donec ut mauris eget massa tempor convallis nulla neque libero convallis eget eleifend luctus ultricies eu nibh quisque id justo sit amet sapien dignissim vestibulum vestibulum ante ipsum primis in faucibus orci luctus et ultrices posuere cubilia curae nulla dapibus dolor vel est donec odio justo sollicitudin ut suscipit a feugiat et eros vestibulum ac est lacinia nisi',11),(12,'amurriganb','Phasellus in felis. Donec semper sapien a libero. Nam dui.','blandit ultrices enim lorem ipsum dolor sit amet consectetuer adipiscing elit proin interdum mauris non ligula pellentesque ultrices phasellus id sapien in sapien iaculis congue vivamus metus arcu adipiscing molestie hendrerit at vulputate vitae nisl aenean lectus pellentesque eget nunc donec quis orci eget orci vehicula condimentum curabitur in libero ut massa volutpat convallis morbi odio odio elementum eu interdum eu tincidunt in leo maecenas pulvinar lobortis est phasellus sit amet erat nulla tempus vivamus in felis eu sapien cursus vestibulum proin eu mi nulla ac enim in tempor turpis nec euismod scelerisque quam turpis adipiscing lorem vitae mattis nibh ligula nec sem duis aliquam convallis nunc proin at turpis a pede posuere nonummy integer non velit donec diam neque vestibulum eget vulputate ut ultrices vel augue vestibulum ante ipsum primis in faucibus',12),(13,'brubkec','Curabitur in libero ut massa volutpat convallis. Morbi odio odio, elementum eu, interdum eu, tincidunt in, leo. Maecenas pulvinar lobortis est.','luctus et ultrices posuere cubilia curae donec pharetra magna vestibulum aliquet ultrices erat tortor sollicitudin mi sit amet lobortis sapien sapien non mi integer ac neque duis bibendum morbi non quam nec dui luctus rutrum nulla tellus in sagittis dui vel nisl duis ac nibh fusce lacus purus aliquet at feugiat non pretium quis lectus suspendisse potenti in eleifend quam a odio in hac habitasse platea dictumst maecenas ut massa quis augue luctus tincidunt nulla mollis molestie lorem quisque ut erat curabitur gravida nisi at nibh in hac habitasse platea dictumst aliquam augue quam sollicitudin vitae consectetuer eget rutrum at lorem integer tincidunt ante vel ipsum praesent blandit lacinia erat vestibulum sed magna at nunc commodo placerat praesent blandit nam nulla integer pede justo lacinia eget tincidunt eget tempus vel pede morbi porttitor lorem id ligula suspendisse ornare consequat lectus in est risus auctor sed tristique',13),(14,'pdebruind','Cras non velit nec nisi vulputate nonummy. Maecenas tincidunt lacus at velit. Vivamus vel nulla eget eros elementum pellentesque.\n\nQuisque porta volutpat erat. Quisque erat eros, viverra eget, congue eget, semper rutrum, nulla. Nunc purus.','non interdum in ante vestibulum ante ipsum primis in faucibus orci luctus et ultrices posuere cubilia curae duis faucibus accumsan odio curabitur convallis duis consequat dui nec nisi volutpat eleifend donec ut dolor morbi vel lectus in quam fringilla rhoncus mauris enim leo rhoncus sed vestibulum sit amet cursus id turpis integer aliquet massa id lobortis convallis tortor risus dapibus augue vel accumsan tellus nisi eu orci mauris lacinia sapien quis libero nullam sit amet turpis elementum ligula vehicula consequat morbi a ipsum integer a nibh in quis justo maecenas rhoncus aliquam lacus morbi quis tortor id nulla ultrices aliquet maecenas leo odio condimentum id luctus nec molestie sed justo pellentesque viverra pede ac diam cras pellentesque volutpat dui maecenas tristique est et tempus semper est quam pharetra magna ac consequat metus sapien ut',14),(15,'mlealee','Maecenas leo odio, condimentum id, luctus nec, molestie sed, justo. Pellentesque viverra pede ac diam. Cras pellentesque volutpat dui.\n\nMaecenas tristique, est et tempus semper, est quam pharetra magna, ac consequat metus sapien ut nunc. Vestibulum ante ipsum primis in faucibus orci luctus et ultrices posuere cubilia Curae; Mauris viverra diam vitae quam. Suspendisse potenti.\n\nNullam porttitor lacus at turpis. Donec posuere metus vitae ipsum. Aliquam non mauris.','donec ut mauris eget massa tempor convallis nulla neque libero convallis eget eleifend luctus ultricies eu nibh quisque id justo sit amet sapien dignissim vestibulum vestibulum ante ipsum primis in faucibus orci luctus et ultrices posuere cubilia curae nulla dapibus dolor vel est donec odio justo sollicitudin ut suscipit a feugiat et eros vestibulum ac est lacinia nisi venenatis tristique fusce congue diam id ornare imperdiet sapien urna pretium nisl ut volutpat sapien arcu sed augue aliquam erat volutpat in congue etiam justo etiam pretium iaculis justo in hac habitasse platea dictumst etiam faucibus cursus urna ut tellus nulla ut erat id mauris vulputate elementum nullam varius nulla facilisi',15),(16,'mcoef','Etiam vel augue. Vestibulum rutrum rutrum neque. Aenean auctor gravida sem.\n\nPraesent id massa id nisl venenatis lacinia. Aenean sit amet justo. Morbi ut odio.\n\nCras mi pede, malesuada in, imperdiet et, commodo vulputate, justo. In blandit ultrices enim. Lorem ipsum dolor sit amet, consectetuer adipiscing elit.','ligula nec sem duis aliquam convallis nunc proin at turpis a pede posuere nonummy integer non velit donec diam neque vestibulum eget vulputate ut ultrices vel augue vestibulum ante ipsum primis in faucibus orci luctus et ultrices posuere cubilia curae donec pharetra magna vestibulum aliquet ultrices erat tortor sollicitudin mi sit amet lobortis sapien sapien non mi integer ac neque duis bibendum morbi non quam nec dui luctus rutrum nulla tellus in sagittis dui vel nisl duis ac nibh fusce lacus purus aliquet at feugiat non pretium quis lectus suspendisse potenti in eleifend quam a odio in hac habitasse platea dictumst maecenas ut massa quis augue luctus tincidunt nulla mollis molestie lorem quisque ut erat curabitur gravida nisi at nibh in hac habitasse platea dictumst aliquam augue quam sollicitudin vitae consectetuer eget rutrum',16),(17,'srubertg','Nulla ut erat id mauris vulputate elementum. Nullam varius. Nulla facilisi.\n\nCras non velit nec nisi vulputate nonummy. Maecenas tincidunt lacus at velit. Vivamus vel nulla eget eros elementum pellentesque.','libero convallis eget eleifend luctus ultricies eu nibh quisque id justo sit amet sapien dignissim vestibulum vestibulum ante ipsum primis in faucibus orci luctus et ultrices posuere cubilia curae nulla dapibus dolor vel est donec odio justo sollicitudin ut suscipit a feugiat et eros vestibulum ac est lacinia nisi venenatis tristique fusce congue diam id ornare imperdiet sapien urna pretium nisl ut volutpat sapien arcu sed augue aliquam erat volutpat in congue etiam justo etiam pretium iaculis justo in hac habitasse platea dictumst etiam faucibus cursus urna ut tellus nulla ut erat id mauris vulputate elementum nullam varius nulla facilisi cras non velit nec nisi vulputate nonummy maecenas tincidunt lacus at velit vivamus vel nulla eget eros elementum pellentesque quisque porta volutpat erat quisque erat eros viverra eget congue eget semper rutrum nulla nunc purus phasellus',17),(18,'lathoweh','Curabitur gravida nisi at nibh. In hac habitasse platea dictumst. Aliquam augue quam, sollicitudin vitae, consectetuer eget, rutrum at, lorem.','vulputate justo in blandit ultrices enim lorem ipsum dolor sit amet consectetuer adipiscing elit proin interdum mauris non ligula pellentesque ultrices phasellus id sapien in sapien iaculis congue vivamus metus arcu adipiscing molestie hendrerit at vulputate vitae nisl aenean lectus pellentesque eget nunc donec quis orci eget orci vehicula condimentum curabitur in libero ut massa volutpat convallis morbi odio odio elementum eu interdum eu tincidunt in leo maecenas pulvinar lobortis est phasellus sit amet erat nulla tempus vivamus in felis eu sapien cursus vestibulum proin eu mi nulla ac enim in tempor turpis nec euismod scelerisque quam turpis adipiscing lorem vitae mattis nibh ligula nec sem duis aliquam convallis nunc proin at turpis a pede posuere nonummy integer non velit donec diam neque vestibulum eget vulputate ut ultrices vel augue vestibulum ante ipsum primis in faucibus orci luctus et ultrices posuere cubilia curae donec pharetra magna vestibulum',18),(19,'arobartsi','Proin leo odio, porttitor id, consequat in, consequat ut, nulla. Sed accumsan felis. Ut at dolor quis odio consequat varius.\n\nInteger ac leo. Pellentesque ultrices mattis odio. Donec vitae nisi.','ipsum dolor sit amet consectetuer adipiscing elit proin interdum mauris non ligula pellentesque ultrices phasellus id sapien in sapien iaculis congue vivamus metus arcu adipiscing molestie hendrerit at vulputate vitae nisl aenean lectus pellentesque eget nunc donec quis orci eget orci vehicula condimentum curabitur in libero ut massa volutpat convallis morbi odio odio elementum eu interdum eu tincidunt in leo maecenas pulvinar lobortis est phasellus sit amet erat nulla tempus vivamus in felis eu sapien cursus vestibulum proin eu mi nulla ac enim in tempor turpis nec euismod scelerisque quam turpis adipiscing lorem vitae mattis nibh ligula nec sem duis aliquam convallis nunc proin at turpis a pede posuere nonummy integer non velit donec diam neque vestibulum eget vulputate ut ultrices vel',19),(20,'yapplinj','Cras non velit nec nisi vulputate nonummy. Maecenas tincidunt lacus at velit. Vivamus vel nulla eget eros elementum pellentesque.\n\nQuisque porta volutpat erat. Quisque erat eros, viverra eget, congue eget, semper rutrum, nulla. Nunc purus.\n\nPhasellus in felis. Donec semper sapien a libero. Nam dui.','semper porta volutpat quam pede lobortis ligula sit amet eleifend pede libero quis orci nullam molestie nibh in lectus pellentesque at nulla suspendisse potenti cras in purus eu magna vulputate luctus cum sociis natoque penatibus et magnis dis parturient montes nascetur ridiculus mus vivamus vestibulum sagittis sapien cum sociis natoque penatibus et magnis dis parturient montes nascetur ridiculus mus etiam vel augue vestibulum rutrum rutrum neque aenean auctor gravida sem praesent id massa id nisl venenatis lacinia aenean sit amet justo morbi ut odio cras mi pede malesuada in imperdiet et commodo vulputate justo in blandit ultrices enim lorem ipsum dolor sit amet consectetuer adipiscing elit proin interdum mauris non ligula pellentesque ultrices phasellus id sapien in sapien iaculis',20),(21,'ygarmank','Duis bibendum. Morbi non quam nec dui luctus rutrum. Nulla tellus.\n\nIn sagittis dui vel nisl. Duis ac nibh. Fusce lacus purus, aliquet at, feugiat non, pretium quis, lectus.\n\nSuspendisse potenti. In eleifend quam a odio. In hac habitasse platea dictumst.','lorem integer tincidunt ante vel ipsum praesent blandit lacinia erat vestibulum sed magna at nunc commodo placerat praesent blandit nam nulla integer pede justo lacinia eget tincidunt eget tempus vel pede morbi porttitor lorem id ligula suspendisse ornare consequat lectus in est risus auctor sed tristique in tempus sit amet sem fusce consequat nulla nisl nunc nisl duis bibendum felis sed interdum venenatis turpis enim blandit mi in porttitor pede justo eu massa donec dapibus duis at velit eu est congue elementum in hac habitasse platea dictumst morbi vestibulum velit id pretium iaculis diam erat fermentum justo nec condimentum neque sapien placerat',21),(22,'onugentl','Integer tincidunt ante vel ipsum. Praesent blandit lacinia erat. Vestibulum sed magna at nunc commodo placerat.\n\nPraesent blandit. Nam nulla. Integer pede justo, lacinia eget, tincidunt eget, tempus vel, pede.','eget orci vehicula condimentum curabitur in libero ut massa volutpat convallis morbi odio odio elementum eu interdum eu tincidunt in leo maecenas pulvinar lobortis est phasellus sit amet erat nulla tempus vivamus in felis eu sapien cursus vestibulum proin eu mi nulla ac enim in tempor turpis nec euismod scelerisque quam turpis adipiscing lorem vitae mattis nibh ligula nec sem duis aliquam convallis nunc proin at turpis a pede posuere nonummy integer non velit donec diam neque vestibulum eget vulputate ut ultrices vel augue vestibulum ante ipsum primis in faucibus orci luctus et ultrices posuere cubilia curae donec pharetra magna vestibulum aliquet ultrices erat tortor sollicitudin mi sit amet lobortis sapien',22),(23,'ckhotlerm','In hac habitasse platea dictumst. Morbi vestibulum, velit id pretium iaculis, diam erat fermentum justo, nec condimentum neque sapien placerat ante. Nulla justo.\n\nAliquam quis turpis eget elit sodales scelerisque. Mauris sit amet eros. Suspendisse accumsan tortor quis turpis.','tellus in sagittis dui vel nisl duis ac nibh fusce lacus purus aliquet at feugiat non pretium quis lectus suspendisse potenti in eleifend quam a odio in hac habitasse platea dictumst maecenas ut massa quis augue luctus tincidunt nulla mollis molestie lorem quisque ut erat curabitur gravida nisi at nibh in hac habitasse platea dictumst aliquam augue quam sollicitudin vitae consectetuer eget rutrum at lorem integer tincidunt ante vel ipsum praesent blandit lacinia erat vestibulum sed magna at nunc commodo placerat praesent blandit nam nulla integer pede justo lacinia eget tincidunt eget tempus vel pede morbi porttitor lorem id ligula suspendisse ornare consequat lectus in est risus auctor sed tristique in tempus sit amet sem fusce consequat nulla nisl nunc nisl duis bibendum felis sed interdum venenatis turpis enim blandit mi in porttitor pede justo eu massa donec dapibus duis',23),(24,'lvernern','Lorem ipsum dolor sit amet, consectetuer adipiscing elit. Proin risus. Praesent lectus.\n\nVestibulum quam sapien, varius ut, blandit non, interdum in, ante. Vestibulum ante ipsum primis in faucibus orci luctus et ultrices posuere cubilia Curae; Duis faucibus accumsan odio. Curabitur convallis.\n\nDuis consequat dui nec nisi volutpat eleifend. Donec ut dolor. Morbi vel lectus in quam fringilla rhoncus.','adipiscing elit proin risus praesent lectus vestibulum quam sapien varius ut blandit non interdum in ante vestibulum ante ipsum primis in faucibus orci luctus et ultrices posuere cubilia curae duis faucibus accumsan odio curabitur convallis duis consequat dui nec nisi volutpat eleifend donec ut dolor morbi vel lectus in quam fringilla rhoncus mauris enim leo rhoncus sed vestibulum sit amet cursus id turpis integer aliquet massa id lobortis convallis tortor risus dapibus augue vel accumsan tellus nisi eu orci mauris lacinia sapien quis libero nullam sit amet turpis elementum ligula vehicula consequat morbi a ipsum integer a nibh in quis justo maecenas rhoncus aliquam lacus morbi quis tortor id nulla ultrices aliquet maecenas',24),(25,'canthonao','Cras mi pede, malesuada in, imperdiet et, commodo vulputate, justo. In blandit ultrices enim. Lorem ipsum dolor sit amet, consectetuer adipiscing elit.','vulputate ut ultrices vel augue vestibulum ante ipsum primis in faucibus orci luctus et ultrices posuere cubilia curae donec pharetra magna vestibulum aliquet ultrices erat tortor sollicitudin mi sit amet lobortis sapien sapien non mi integer ac neque duis bibendum morbi non quam nec dui luctus rutrum nulla tellus in sagittis dui vel nisl duis ac nibh fusce lacus purus aliquet at feugiat non pretium quis lectus suspendisse potenti in eleifend quam a odio in hac habitasse platea dictumst maecenas ut massa quis augue luctus tincidunt nulla mollis molestie lorem quisque ut erat curabitur gravida nisi at nibh in hac habitasse platea dictumst aliquam augue quam sollicitudin vitae consectetuer eget rutrum at lorem integer tincidunt ante vel ipsum praesent blandit lacinia erat vestibulum sed magna',25),(26,'fivshinp','Aenean lectus. Pellentesque eget nunc. Donec quis orci eget orci vehicula condimentum.\n\nCurabitur in libero ut massa volutpat convallis. Morbi odio odio, elementum eu, interdum eu, tincidunt in, leo. Maecenas pulvinar lobortis est.\n\nPhasellus sit amet erat. Nulla tempus. Vivamus in felis eu sapien cursus vestibulum.','in hac habitasse platea dictumst etiam faucibus cursus urna ut tellus nulla ut erat id mauris vulputate elementum nullam varius nulla facilisi cras non velit nec nisi vulputate nonummy maecenas tincidunt lacus at velit vivamus vel nulla eget eros elementum pellentesque quisque porta volutpat erat quisque erat eros viverra eget congue eget semper rutrum nulla nunc purus phasellus in felis donec semper sapien a libero nam dui proin leo odio porttitor id consequat in consequat ut nulla sed accumsan felis ut at dolor quis odio consequat varius integer ac leo pellentesque ultrices mattis odio donec vitae nisi nam ultrices libero non mattis pulvinar nulla pede ullamcorper augue a suscipit nulla elit ac nulla sed vel enim sit amet nunc',26),(27,'bsaltsbergerq','In congue. Etiam justo. Etiam pretium iaculis justo.','sed tristique in tempus sit amet sem fusce consequat nulla nisl nunc nisl duis bibendum felis sed interdum venenatis turpis enim blandit mi in porttitor pede justo eu massa donec dapibus duis at velit eu est congue elementum in hac habitasse platea dictumst morbi vestibulum velit id pretium iaculis diam erat fermentum justo nec condimentum neque sapien placerat ante nulla justo aliquam quis turpis eget elit sodales scelerisque mauris sit amet eros suspendisse accumsan tortor quis turpis sed ante vivamus tortor duis mattis egestas metus aenean fermentum donec ut mauris eget massa tempor convallis nulla neque libero convallis eget eleifend',27),(28,'bpierpointr','Aenean lectus. Pellentesque eget nunc. Donec quis orci eget orci vehicula condimentum.\n\nCurabitur in libero ut massa volutpat convallis. Morbi odio odio, elementum eu, interdum eu, tincidunt in, leo. Maecenas pulvinar lobortis est.','leo maecenas pulvinar lobortis est phasellus sit amet erat nulla tempus vivamus in felis eu sapien cursus vestibulum proin eu mi nulla ac enim in tempor turpis nec euismod scelerisque quam turpis adipiscing lorem vitae mattis nibh ligula nec sem duis aliquam convallis nunc proin at turpis a pede posuere nonummy integer non velit donec diam neque vestibulum eget vulputate ut ultrices vel augue vestibulum ante ipsum primis in faucibus orci luctus et ultrices posuere cubilia curae donec pharetra magna vestibulum aliquet ultrices erat tortor sollicitudin mi sit amet lobortis sapien sapien non mi integer ac neque duis bibendum morbi non quam nec dui luctus rutrum nulla tellus in',28),(29,'erubies','Suspendisse potenti. In eleifend quam a odio. In hac habitasse platea dictumst.\n\nMaecenas ut massa quis augue luctus tincidunt. Nulla mollis molestie lorem. Quisque ut erat.','ut erat curabitur gravida nisi at nibh in hac habitasse platea dictumst aliquam augue quam sollicitudin vitae consectetuer eget rutrum at lorem integer tincidunt ante vel ipsum praesent blandit lacinia erat vestibulum sed magna at nunc commodo placerat praesent blandit nam nulla integer pede justo lacinia eget tincidunt eget tempus vel pede morbi porttitor lorem id ligula suspendisse ornare consequat lectus in est risus auctor sed tristique in tempus sit amet sem fusce consequat nulla nisl nunc nisl duis bibendum felis sed interdum venenatis turpis enim blandit mi in porttitor pede justo eu massa donec dapibus duis at velit eu est congue elementum in hac habitasse',29),(30,'kdurhamt','Vestibulum ac est lacinia nisi venenatis tristique. Fusce congue, diam id ornare imperdiet, sapien urna pretium nisl, ut volutpat sapien arcu sed augue. Aliquam erat volutpat.\n\nIn congue. Etiam justo. Etiam pretium iaculis justo.','viverra pede ac diam cras pellentesque volutpat dui maecenas tristique est et tempus semper est quam pharetra magna ac consequat metus sapien ut nunc vestibulum ante ipsum primis in faucibus orci luctus et ultrices posuere cubilia curae mauris viverra diam vitae quam suspendisse potenti nullam porttitor lacus at turpis donec posuere metus vitae ipsum aliquam non mauris morbi non lectus aliquam sit amet diam in magna bibendum imperdiet nullam orci pede venenatis non sodales sed tincidunt eu felis fusce posuere felis sed lacus morbi sem mauris laoreet ut rhoncus aliquet pulvinar sed nisl nunc rhoncus dui vel sem sed sagittis nam congue risus semper porta volutpat quam pede lobortis ligula',30),(31,'fpetegreu','Integer tincidunt ante vel ipsum. Praesent blandit lacinia erat. Vestibulum sed magna at nunc commodo placerat.\n\nPraesent blandit. Nam nulla. Integer pede justo, lacinia eget, tincidunt eget, tempus vel, pede.\n\nMorbi porttitor lorem id ligula. Suspendisse ornare consequat lectus. In est risus, auctor sed, tristique in, tempus sit amet, sem.','vulputate vitae nisl aenean lectus pellentesque eget nunc donec quis orci eget orci vehicula condimentum curabitur in libero ut massa volutpat convallis morbi odio odio elementum eu interdum eu tincidunt in leo maecenas pulvinar lobortis est phasellus sit amet erat nulla tempus vivamus in felis eu sapien cursus vestibulum proin eu mi nulla ac enim in tempor turpis nec euismod scelerisque quam turpis adipiscing lorem vitae mattis nibh ligula nec sem duis aliquam convallis nunc proin at turpis a pede posuere nonummy integer non velit donec diam neque vestibulum eget vulputate ut ultrices vel augue vestibulum ante ipsum primis in faucibus orci luctus et ultrices posuere cubilia curae donec pharetra magna vestibulum aliquet ultrices erat tortor sollicitudin mi sit amet lobortis sapien sapien non mi integer ac neque duis bibendum morbi non quam nec dui luctus rutrum nulla tellus in sagittis',31),(32,'rreekv','Integer ac leo. Pellentesque ultrices mattis odio. Donec vitae nisi.','eleifend donec ut dolor morbi vel lectus in quam fringilla rhoncus mauris enim leo rhoncus sed vestibulum sit amet cursus id turpis integer aliquet massa id lobortis convallis tortor risus dapibus augue vel accumsan tellus nisi eu orci mauris lacinia sapien quis libero nullam sit amet turpis elementum ligula vehicula consequat morbi a ipsum integer a nibh in quis justo maecenas rhoncus aliquam lacus morbi quis tortor id nulla ultrices aliquet maecenas leo odio condimentum id luctus nec molestie sed justo pellentesque viverra pede ac diam cras pellentesque volutpat dui maecenas tristique est et tempus semper est quam pharetra magna ac consequat metus sapien ut nunc vestibulum ante ipsum primis in faucibus orci luctus et ultrices posuere cubilia curae mauris viverra diam vitae quam suspendisse potenti nullam porttitor lacus at turpis donec posuere metus vitae ipsum aliquam non mauris morbi non lectus aliquam sit amet diam in magna',32),(33,'odixceyw','Morbi porttitor lorem id ligula. Suspendisse ornare consequat lectus. In est risus, auctor sed, tristique in, tempus sit amet, sem.','leo odio condimentum id luctus nec molestie sed justo pellentesque viverra pede ac diam cras pellentesque volutpat dui maecenas tristique est et tempus semper est quam pharetra magna ac consequat metus sapien ut nunc vestibulum ante ipsum primis in faucibus orci luctus et ultrices posuere cubilia curae mauris viverra diam vitae quam suspendisse potenti nullam porttitor lacus at turpis donec posuere metus vitae ipsum aliquam non mauris morbi non lectus aliquam sit amet diam in magna bibendum imperdiet nullam orci pede venenatis non sodales sed tincidunt eu felis fusce posuere felis sed lacus morbi sem mauris laoreet ut rhoncus aliquet pulvinar sed nisl nunc rhoncus dui vel sem sed sagittis nam congue risus semper porta volutpat quam pede lobortis ligula sit amet eleifend pede libero',33),(34,'kcatheex','Duis consequat dui nec nisi volutpat eleifend. Donec ut dolor. Morbi vel lectus in quam fringilla rhoncus.','pede malesuada in imperdiet et commodo vulputate justo in blandit ultrices enim lorem ipsum dolor sit amet consectetuer adipiscing elit proin interdum mauris non ligula pellentesque ultrices phasellus id sapien in sapien iaculis congue vivamus metus arcu adipiscing molestie hendrerit at vulputate vitae nisl aenean lectus pellentesque eget nunc donec quis orci eget orci vehicula condimentum curabitur in libero ut massa volutpat convallis morbi odio odio elementum eu interdum eu tincidunt in leo maecenas pulvinar lobortis est phasellus sit amet erat nulla tempus vivamus in felis eu sapien cursus vestibulum proin eu mi nulla ac enim in tempor turpis nec euismod scelerisque quam turpis adipiscing lorem vitae mattis nibh',34),(35,'hkofaxy','Maecenas tristique, est et tempus semper, est quam pharetra magna, ac consequat metus sapien ut nunc. Vestibulum ante ipsum primis in faucibus orci luctus et ultrices posuere cubilia Curae; Mauris viverra diam vitae quam. Suspendisse potenti.','curae duis faucibus accumsan odio curabitur convallis duis consequat dui nec nisi volutpat eleifend donec ut dolor morbi vel lectus in quam fringilla rhoncus mauris enim leo rhoncus sed vestibulum sit amet cursus id turpis integer aliquet massa id lobortis convallis tortor risus dapibus augue vel accumsan tellus nisi eu orci mauris lacinia sapien quis libero nullam sit amet turpis elementum ligula vehicula consequat morbi a ipsum integer a nibh in quis justo maecenas rhoncus aliquam lacus morbi quis tortor id nulla ultrices aliquet maecenas leo odio condimentum id luctus nec molestie sed justo pellentesque viverra pede ac diam cras pellentesque volutpat dui maecenas tristique est et tempus semper est quam pharetra magna',35),(36,'cpalmerz','Duis consequat dui nec nisi volutpat eleifend. Donec ut dolor. Morbi vel lectus in quam fringilla rhoncus.','aliquet maecenas leo odio condimentum id luctus nec molestie sed justo pellentesque viverra pede ac diam cras pellentesque volutpat dui maecenas tristique est et tempus semper est quam pharetra magna ac consequat metus sapien ut nunc vestibulum ante ipsum primis in faucibus orci luctus et ultrices posuere cubilia curae mauris viverra diam vitae quam suspendisse potenti nullam porttitor lacus at turpis donec posuere metus vitae ipsum aliquam non mauris morbi non lectus aliquam sit amet diam in magna bibendum imperdiet nullam orci pede venenatis non sodales sed tincidunt eu felis fusce posuere felis sed lacus morbi sem mauris laoreet ut rhoncus aliquet pulvinar sed nisl nunc rhoncus dui vel sem sed sagittis nam congue risus semper porta volutpat',36),(37,'nollivierre10','Praesent blandit. Nam nulla. Integer pede justo, lacinia eget, tincidunt eget, tempus vel, pede.','vel augue vestibulum rutrum rutrum neque aenean auctor gravida sem praesent id massa id nisl venenatis lacinia aenean sit amet justo morbi ut odio cras mi pede malesuada in imperdiet et commodo vulputate justo in blandit ultrices enim lorem ipsum dolor sit amet consectetuer adipiscing elit proin interdum mauris non ligula pellentesque ultrices phasellus id sapien in sapien iaculis congue vivamus metus arcu adipiscing molestie hendrerit at vulputate vitae nisl aenean lectus pellentesque eget nunc donec quis orci eget orci vehicula condimentum curabitur in libero ut massa volutpat convallis morbi odio odio elementum eu interdum eu tincidunt in leo maecenas pulvinar lobortis est phasellus sit amet erat nulla tempus vivamus in felis eu sapien cursus vestibulum proin eu mi',37),(38,'shastie11','Cras mi pede, malesuada in, imperdiet et, commodo vulputate, justo. In blandit ultrices enim. Lorem ipsum dolor sit amet, consectetuer adipiscing elit.\n\nProin interdum mauris non ligula pellentesque ultrices. Phasellus id sapien in sapien iaculis congue. Vivamus metus arcu, adipiscing molestie, hendrerit at, vulputate vitae, nisl.\n\nAenean lectus. Pellentesque eget nunc. Donec quis orci eget orci vehicula condimentum.','luctus et ultrices posuere cubilia curae nulla dapibus dolor vel est donec odio justo sollicitudin ut suscipit a feugiat et eros vestibulum ac est lacinia nisi venenatis tristique fusce congue diam id ornare imperdiet sapien urna pretium nisl ut volutpat sapien arcu sed augue aliquam erat volutpat in congue etiam justo etiam pretium iaculis justo in hac habitasse platea dictumst etiam faucibus cursus urna ut tellus nulla ut erat id mauris vulputate elementum nullam varius nulla facilisi cras non velit nec nisi vulputate nonummy maecenas tincidunt lacus at velit vivamus vel nulla eget eros elementum pellentesque quisque porta volutpat erat quisque erat eros viverra eget congue eget semper rutrum nulla nunc purus phasellus in felis donec semper sapien a libero nam dui proin leo odio',38),(39,'mboorn12','Nullam porttitor lacus at turpis. Donec posuere metus vitae ipsum. Aliquam non mauris.\n\nMorbi non lectus. Aliquam sit amet diam in magna bibendum imperdiet. Nullam orci pede, venenatis non, sodales sed, tincidunt eu, felis.\n\nFusce posuere felis sed lacus. Morbi sem mauris, laoreet ut, rhoncus aliquet, pulvinar sed, nisl. Nunc rhoncus dui vel sem.','ante ipsum primis in faucibus orci luctus et ultrices posuere cubilia curae duis faucibus accumsan odio curabitur convallis duis consequat dui nec nisi volutpat eleifend donec ut dolor morbi vel lectus in quam fringilla rhoncus mauris enim leo rhoncus sed vestibulum sit amet cursus id turpis integer aliquet massa id lobortis convallis tortor risus dapibus augue vel accumsan tellus nisi eu orci mauris lacinia sapien quis libero nullam sit amet turpis elementum ligula vehicula consequat morbi a ipsum integer a nibh in quis justo maecenas rhoncus aliquam lacus morbi quis tortor id nulla ultrices aliquet maecenas leo odio condimentum id luctus nec molestie sed justo pellentesque viverra pede ac diam cras pellentesque volutpat dui',39),(40,'rjulyan13','Pellentesque at nulla. Suspendisse potenti. Cras in purus eu magna vulputate luctus.\n\nCum sociis natoque penatibus et magnis dis parturient montes, nascetur ridiculus mus. Vivamus vestibulum sagittis sapien. Cum sociis natoque penatibus et magnis dis parturient montes, nascetur ridiculus mus.\n\nEtiam vel augue. Vestibulum rutrum rutrum neque. Aenean auctor gravida sem.','lectus pellentesque eget nunc donec quis orci eget orci vehicula condimentum curabitur in libero ut massa volutpat convallis morbi odio odio elementum eu interdum eu tincidunt in leo maecenas pulvinar lobortis est phasellus sit amet erat nulla tempus vivamus in felis eu sapien cursus vestibulum proin eu mi nulla ac enim in tempor turpis nec euismod scelerisque quam turpis adipiscing lorem vitae mattis nibh ligula nec sem duis aliquam convallis nunc proin at turpis a pede posuere nonummy integer non velit donec diam neque vestibulum eget vulputate ut ultrices vel augue vestibulum ante ipsum primis in faucibus orci luctus et ultrices posuere',40),(41,'jhellicar14','Nullam porttitor lacus at turpis. Donec posuere metus vitae ipsum. Aliquam non mauris.\n\nMorbi non lectus. Aliquam sit amet diam in magna bibendum imperdiet. Nullam orci pede, venenatis non, sodales sed, tincidunt eu, felis.','tincidunt lacus at velit vivamus vel nulla eget eros elementum pellentesque quisque porta volutpat erat quisque erat eros viverra eget congue eget semper rutrum nulla nunc purus phasellus in felis donec semper sapien a libero nam dui proin leo odio porttitor id consequat in consequat ut nulla sed accumsan felis ut at dolor quis odio consequat varius integer ac leo pellentesque ultrices mattis odio donec vitae nisi nam ultrices libero non mattis pulvinar nulla pede ullamcorper augue a suscipit nulla elit ac nulla sed vel enim sit amet nunc viverra dapibus nulla suscipit ligula in lacus curabitur at ipsum ac tellus semper interdum mauris ullamcorper purus sit amet nulla quisque arcu libero rutrum ac lobortis vel dapibus at diam nam tristique tortor eu pede',41),(42,'vjohnson15','Duis bibendum, felis sed interdum venenatis, turpis enim blandit mi, in porttitor pede justo eu massa. Donec dapibus. Duis at velit eu est congue elementum.\n\nIn hac habitasse platea dictumst. Morbi vestibulum, velit id pretium iaculis, diam erat fermentum justo, nec condimentum neque sapien placerat ante. Nulla justo.','volutpat in congue etiam justo etiam pretium iaculis justo in hac habitasse platea dictumst etiam faucibus cursus urna ut tellus nulla ut erat id mauris vulputate elementum nullam varius nulla facilisi cras non velit nec nisi vulputate nonummy maecenas tincidunt lacus at velit vivamus vel nulla eget eros elementum pellentesque quisque porta volutpat erat quisque erat eros viverra eget congue eget semper rutrum nulla nunc purus phasellus in felis donec semper sapien a libero nam dui proin leo odio porttitor id consequat in consequat ut nulla sed accumsan felis ut at dolor quis odio consequat varius integer ac leo pellentesque ultrices mattis',42),(43,'kelegood16','In quis justo. Maecenas rhoncus aliquam lacus. Morbi quis tortor id nulla ultrices aliquet.\n\nMaecenas leo odio, condimentum id, luctus nec, molestie sed, justo. Pellentesque viverra pede ac diam. Cras pellentesque volutpat dui.\n\nMaecenas tristique, est et tempus semper, est quam pharetra magna, ac consequat metus sapien ut nunc. Vestibulum ante ipsum primis in faucibus orci luctus et ultrices posuere cubilia Curae; Mauris viverra diam vitae quam. Suspendisse potenti.','in congue etiam justo etiam pretium iaculis justo in hac habitasse platea dictumst etiam faucibus cursus urna ut tellus nulla ut erat id mauris vulputate elementum nullam varius nulla facilisi cras non velit nec nisi vulputate nonummy maecenas tincidunt lacus at velit vivamus vel nulla eget eros elementum pellentesque quisque porta volutpat erat quisque erat eros viverra eget congue eget semper rutrum nulla nunc purus phasellus in felis donec semper sapien a libero nam dui proin leo odio porttitor id consequat in consequat ut nulla sed accumsan felis ut at dolor quis odio consequat varius integer ac leo pellentesque ultrices mattis odio donec vitae nisi nam ultrices libero non mattis pulvinar nulla pede ullamcorper augue a suscipit nulla elit ac nulla sed vel enim sit amet nunc viverra dapibus nulla suscipit',43),(44,'fadds17','Vestibulum quam sapien, varius ut, blandit non, interdum in, ante. Vestibulum ante ipsum primis in faucibus orci luctus et ultrices posuere cubilia Curae; Duis faucibus accumsan odio. Curabitur convallis.','amet eros suspendisse accumsan tortor quis turpis sed ante vivamus tortor duis mattis egestas metus aenean fermentum donec ut mauris eget massa tempor convallis nulla neque libero convallis eget eleifend luctus ultricies eu nibh quisque id justo sit amet sapien dignissim vestibulum vestibulum ante ipsum primis in faucibus orci luctus et ultrices posuere cubilia curae nulla dapibus dolor vel est donec odio justo sollicitudin ut suscipit a feugiat et eros vestibulum ac est lacinia nisi venenatis tristique fusce congue diam id ornare imperdiet sapien urna pretium nisl ut volutpat sapien arcu sed augue aliquam erat volutpat in congue etiam justo etiam pretium iaculis justo in hac habitasse platea dictumst etiam faucibus cursus urna ut tellus nulla ut erat id mauris vulputate',44),(45,'hmawtus18','Morbi non lectus. Aliquam sit amet diam in magna bibendum imperdiet. Nullam orci pede, venenatis non, sodales sed, tincidunt eu, felis.\n\nFusce posuere felis sed lacus. Morbi sem mauris, laoreet ut, rhoncus aliquet, pulvinar sed, nisl. Nunc rhoncus dui vel sem.\n\nSed sagittis. Nam congue, risus semper porta volutpat, quam pede lobortis ligula, sit amet eleifend pede libero quis orci. Nullam molestie nibh in lectus.','consequat morbi a ipsum integer a nibh in quis justo maecenas rhoncus aliquam lacus morbi quis tortor id nulla ultrices aliquet maecenas leo odio condimentum id luctus nec molestie sed justo pellentesque viverra pede ac diam cras pellentesque volutpat dui maecenas tristique est et tempus semper est quam pharetra magna ac consequat metus sapien ut nunc vestibulum ante ipsum primis in faucibus orci luctus et ultrices posuere cubilia curae mauris viverra diam vitae quam suspendisse potenti nullam porttitor lacus at turpis donec posuere metus vitae ipsum aliquam non mauris morbi non lectus aliquam sit amet diam in magna bibendum imperdiet nullam orci pede venenatis non sodales',45),(46,'mheiton19','Fusce posuere felis sed lacus. Morbi sem mauris, laoreet ut, rhoncus aliquet, pulvinar sed, nisl. Nunc rhoncus dui vel sem.\n\nSed sagittis. Nam congue, risus semper porta volutpat, quam pede lobortis ligula, sit amet eleifend pede libero quis orci. Nullam molestie nibh in lectus.\n\nPellentesque at nulla. Suspendisse potenti. Cras in purus eu magna vulputate luctus.','sed lacus morbi sem mauris laoreet ut rhoncus aliquet pulvinar sed nisl nunc rhoncus dui vel sem sed sagittis nam congue risus semper porta volutpat quam pede lobortis ligula sit amet eleifend pede libero quis orci nullam molestie nibh in lectus pellentesque at nulla suspendisse potenti cras in purus eu magna vulputate luctus cum sociis natoque penatibus et magnis dis parturient montes nascetur ridiculus mus vivamus vestibulum sagittis sapien cum sociis natoque penatibus et magnis dis parturient montes nascetur ridiculus mus etiam vel augue vestibulum rutrum rutrum neque aenean auctor gravida sem praesent id massa id nisl venenatis lacinia aenean sit amet justo morbi ut odio cras mi pede malesuada in imperdiet et commodo vulputate justo in blandit ultrices enim lorem ipsum dolor sit amet consectetuer adipiscing elit proin interdum mauris non ligula pellentesque ultrices phasellus id sapien in sapien iaculis congue vivamus metus arcu adipiscing molestie',46),(47,'vcreaney1a','Cum sociis natoque penatibus et magnis dis parturient montes, nascetur ridiculus mus. Vivamus vestibulum sagittis sapien. Cum sociis natoque penatibus et magnis dis parturient montes, nascetur ridiculus mus.\n\nEtiam vel augue. Vestibulum rutrum rutrum neque. Aenean auctor gravida sem.','tincidunt eget tempus vel pede morbi porttitor lorem id ligula suspendisse ornare consequat lectus in est risus auctor sed tristique in tempus sit amet sem fusce consequat nulla nisl nunc nisl duis bibendum felis sed interdum venenatis turpis enim blandit mi in porttitor pede justo eu massa donec dapibus duis at velit eu est congue elementum in hac habitasse platea dictumst morbi vestibulum velit id pretium iaculis diam erat fermentum justo nec condimentum neque sapien placerat ante nulla justo aliquam quis turpis eget elit sodales scelerisque mauris sit amet eros suspendisse accumsan tortor quis turpis sed ante vivamus tortor duis mattis egestas metus aenean fermentum donec ut mauris eget massa tempor convallis',47),(48,'asans1b','Phasellus sit amet erat. Nulla tempus. Vivamus in felis eu sapien cursus vestibulum.','venenatis lacinia aenean sit amet justo morbi ut odio cras mi pede malesuada in imperdiet et commodo vulputate justo in blandit ultrices enim lorem ipsum dolor sit amet consectetuer adipiscing elit proin interdum mauris non ligula pellentesque ultrices phasellus id sapien in sapien iaculis congue vivamus metus arcu adipiscing molestie hendrerit at vulputate vitae nisl aenean lectus pellentesque eget nunc donec quis orci eget orci vehicula condimentum curabitur in libero ut massa volutpat convallis morbi odio odio elementum eu interdum eu tincidunt in leo maecenas pulvinar lobortis est phasellus sit amet erat nulla tempus vivamus in felis eu sapien cursus vestibulum proin eu mi nulla ac enim in tempor turpis nec euismod scelerisque quam turpis adipiscing lorem vitae',48),(49,'bshiel1c','Aenean lectus. Pellentesque eget nunc. Donec quis orci eget orci vehicula condimentum.\n\nCurabitur in libero ut massa volutpat convallis. Morbi odio odio, elementum eu, interdum eu, tincidunt in, leo. Maecenas pulvinar lobortis est.\n\nPhasellus sit amet erat. Nulla tempus. Vivamus in felis eu sapien cursus vestibulum.','justo lacinia eget tincidunt eget tempus vel pede morbi porttitor lorem id ligula suspendisse ornare consequat lectus in est risus auctor sed tristique in tempus sit amet sem fusce consequat nulla nisl nunc nisl duis bibendum felis sed interdum venenatis turpis enim blandit mi in porttitor pede justo eu massa donec dapibus duis at velit eu est congue elementum in hac habitasse platea dictumst morbi vestibulum velit id pretium iaculis diam erat fermentum justo nec condimentum neque sapien placerat ante nulla justo aliquam quis turpis eget elit sodales scelerisque mauris sit amet eros suspendisse accumsan tortor quis turpis sed ante vivamus tortor duis mattis egestas metus aenean fermentum donec ut mauris',49),(50,'acattermull1d','Cras mi pede, malesuada in, imperdiet et, commodo vulputate, justo. In blandit ultrices enim. Lorem ipsum dolor sit amet, consectetuer adipiscing elit.\n\nProin interdum mauris non ligula pellentesque ultrices. Phasellus id sapien in sapien iaculis congue. Vivamus metus arcu, adipiscing molestie, hendrerit at, vulputate vitae, nisl.\n\nAenean lectus. Pellentesque eget nunc. Donec quis orci eget orci vehicula condimentum.','potenti nullam porttitor lacus at turpis donec posuere metus vitae ipsum aliquam non mauris morbi non lectus aliquam sit amet diam in magna bibendum imperdiet nullam orci pede venenatis non sodales sed tincidunt eu felis fusce posuere felis sed lacus morbi sem mauris laoreet ut rhoncus aliquet pulvinar sed nisl nunc rhoncus dui vel sem sed sagittis nam congue risus semper porta volutpat quam pede lobortis ligula sit amet eleifend pede libero quis orci nullam molestie nibh in lectus pellentesque at nulla suspendisse potenti cras in purus eu magna vulputate luctus cum sociis natoque penatibus et magnis dis parturient montes nascetur ridiculus mus vivamus vestibulum sagittis sapien cum sociis natoque penatibus et magnis dis parturient montes nascetur ridiculus mus etiam vel augue vestibulum rutrum rutrum neque aenean auctor gravida sem',50);
/*!40000 ALTER TABLE `NonProfit` ENABLE KEYS */;
UNLOCK TABLES;

--
-- Table structure for table `NonProfitEvent`
--

DROP TABLE IF EXISTS `NonProfitEvent`;
/*!40101 SET @saved_cs_client     = @@character_set_client */;
/*!40101 SET character_set_client = utf8 */;
CREATE TABLE `NonProfitEvent` (
  `ID` int(11) DEFAULT NULL,
  `VolunteerLimit` int(11) DEFAULT NULL,
  `AutoAccept` text,
  `Public` text,
  `CreatorID` int(11) DEFAULT NULL
) ENGINE=InnoDB DEFAULT CHARSET=latin1;
/*!40101 SET character_set_client = @saved_cs_client */;

--
-- Dumping data for table `NonProfitEvent`
--

LOCK TABLES `NonProfitEvent` WRITE;
/*!40000 ALTER TABLE `NonProfitEvent` DISABLE KEYS */;
INSERT INTO `NonProfitEvent` VALUES (1,63,'true','true',1),(2,37,'true','false',2),(3,76,'false','true',3),(4,79,'true','true',4),(5,14,'false','false',5),(6,42,'false','true',6),(7,38,'true','true',7),(8,100,'true','false',8),(9,7,'false','false',9),(10,53,'true','false',10),(11,21,'true','false',11),(12,16,'true','false',12),(13,49,'true','true',13),(14,4,'true','true',14),(15,42,'true','false',15),(16,94,'false','false',16),(17,87,'false','false',17),(18,77,'true','false',18),(19,42,'false','false',19),(20,21,'false','false',20),(21,22,'true','false',21),(22,52,'true','true',22),(23,67,'true','false',23),(24,77,'false','true',24),(25,73,'false','false',25);
/*!40000 ALTER TABLE `NonProfitEvent` ENABLE KEYS */;
UNLOCK TABLES;

--
-- Table structure for table `Skills`
--

DROP TABLE IF EXISTS `Skills`;
/*!40101 SET @saved_cs_client     = @@character_set_client */;
/*!40101 SET character_set_client = utf8 */;
CREATE TABLE `Skills` (
  `ID` int(11) DEFAULT NULL,
  `Skill` text,
  `Count` int(11) DEFAULT NULL
) ENGINE=InnoDB DEFAULT CHARSET=latin1;
/*!40101 SET character_set_client = @saved_cs_client */;

--
-- Dumping data for table `Skills`
--

LOCK TABLES `Skills` WRITE;
/*!40000 ALTER TABLE `Skills` DISABLE KEYS */;
INSERT INTO `Skills` VALUES (1,'Self-Management',22),(2,'Teamwork',26),(3,'Leadership',18),(4,'Handywork',21),(5,'Medical Experience',23),(6,'Strong Work Ethic',30),(7,'Communication',6),(8,'Analytics',18),(9,'Professionalism',4),(10,'Teachability',6);
/*!40000 ALTER TABLE `Skills` ENABLE KEYS */;
UNLOCK TABLES;

--
-- Table structure for table `Volunteered`
--

DROP TABLE IF EXISTS `Volunteered`;
/*!40101 SET @saved_cs_client     = @@character_set_client */;
/*!40101 SET character_set_client = utf8 */;
CREATE TABLE `Volunteered` (
  `ID` int(11) DEFAULT NULL,
  `IndividualID` int(11) DEFAULT NULL,
  `EventID` int(11) DEFAULT NULL,
  `Duration` text
) ENGINE=InnoDB DEFAULT CHARSET=latin1;
/*!40101 SET character_set_client = @saved_cs_client */;

--
-- Dumping data for table `Volunteered`
--

LOCK TABLES `Volunteered` WRITE;
/*!40000 ALTER TABLE `Volunteered` DISABLE KEYS */;
INSERT INTO `Volunteered` VALUES (1,1,99,'7:55 PM'),(2,2,58,'5:25 AM'),(3,3,58,'5:01 PM'),(4,4,60,'3:30 AM'),(5,5,97,'11:12 PM'),(6,6,41,'4:39 AM'),(7,7,79,'12:01 PM'),(8,8,81,'8:59 AM'),(9,9,16,'6:48 AM'),(10,10,54,'9:02 PM'),(11,11,40,'10:50 PM'),(12,12,78,'6:23 AM'),(13,13,27,'3:18 PM'),(14,14,88,'3:10 PM'),(15,15,6,'9:35 AM'),(16,16,6,'12:38 PM'),(17,17,17,'9:12 AM'),(18,18,83,'3:47 PM'),(19,19,46,'4:58 AM'),(20,20,37,'12:47 AM'),(21,21,33,'3:48 AM'),(22,22,55,'3:54 PM'),(23,23,2,'11:53 AM'),(24,24,58,'5:10 PM'),(25,25,63,'11:05 PM'),(26,26,65,'2:51 AM'),(27,27,33,'2:22 AM'),(28,28,59,'5:56 AM'),(29,29,18,'8:17 AM'),(30,30,63,'9:31 PM'),(31,31,16,'4:30 PM'),(32,32,100,'7:26 AM'),(33,33,84,'1:37 PM'),(34,34,60,'4:35 AM'),(35,35,15,'4:20 PM'),(36,36,18,'4:00 PM'),(37,37,74,'11:12 PM'),(38,38,62,'5:53 AM'),(39,39,67,'5:22 AM'),(40,40,75,'4:27 AM'),(41,41,89,'11:28 AM'),(42,42,88,'4:46 AM'),(43,43,35,'10:45 AM'),(44,44,69,'4:25 PM'),(45,45,84,'11:11 AM'),(46,46,7,'8:52 PM'),(47,47,8,'1:05 PM'),(48,48,7,'8:32 PM'),(49,49,40,'9:57 PM'),(50,50,58,'10:34 PM');
/*!40000 ALTER TABLE `Volunteered` ENABLE KEYS */;
UNLOCK TABLES;
/*!40103 SET TIME_ZONE=@OLD_TIME_ZONE */;

/*!40101 SET SQL_MODE=@OLD_SQL_MODE */;
/*!40014 SET FOREIGN_KEY_CHECKS=@OLD_FOREIGN_KEY_CHECKS */;
/*!40014 SET UNIQUE_CHECKS=@OLD_UNIQUE_CHECKS */;
/*!40101 SET CHARACTER_SET_CLIENT=@OLD_CHARACTER_SET_CLIENT */;
/*!40101 SET CHARACTER_SET_RESULTS=@OLD_CHARACTER_SET_RESULTS */;
/*!40101 SET COLLATION_CONNECTION=@OLD_COLLATION_CONNECTION */;
/*!40111 SET SQL_NOTES=@OLD_SQL_NOTES */;

-- Dump completed on 2018-01-17 20:09:32
