-- MySQL dump 10.13  Distrib 5.7.17, for Win64 (x86_64)
--
-- Host: devoplment.cu3l2fqwtszs.us-west-2.rds.amazonaws.com    Database: ServeUs
-- ------------------------------------------------------
-- Server version	5.5.5-10.1.26-MariaDB

/*!40101 SET @OLD_CHARACTER_SET_CLIENT=@@CHARACTER_SET_CLIENT */;
/*!40101 SET @OLD_CHARACTER_SET_RESULTS=@@CHARACTER_SET_RESULTS */;
/*!40101 SET @OLD_COLLATION_CONNECTION=@@COLLATION_CONNECTION */;
/*!40101 SET NAMES utf8 */;
/*!40103 SET @OLD_TIME_ZONE=@@TIME_ZONE */;
/*!40103 SET TIME_ZONE='+00:00' */;
/*!40014 SET @OLD_UNIQUE_CHECKS=@@UNIQUE_CHECKS, UNIQUE_CHECKS=0 */;
/*!40014 SET @OLD_FOREIGN_KEY_CHECKS=@@FOREIGN_KEY_CHECKS, FOREIGN_KEY_CHECKS=0 */;
/*!40101 SET @OLD_SQL_MODE=@@SQL_MODE, SQL_MODE='NO_AUTO_VALUE_ON_ZERO' */;
/*!40111 SET @OLD_SQL_NOTES=@@SQL_NOTES, SQL_NOTES=0 */;

--
-- Table structure for table `Advert`
--

DROP TABLE IF EXISTS `Advert`;
/*!40101 SET @saved_cs_client     = @@character_set_client */;
/*!40101 SET character_set_client = utf8 */;
CREATE TABLE `Advert` (
  `ID` int(11) NOT NULL AUTO_INCREMENT,
  `Link` varchar(50) DEFAULT NULL,
  `Description` text NOT NULL,
  `CreatorID` int(11) NOT NULL,
  PRIMARY KEY (`ID`),
  KEY `Advert_CreatorID_FK` (`CreatorID`),
  CONSTRAINT `Advert_CreatorID_FK` FOREIGN KEY (`CreatorID`) REFERENCES `NonProfit` (`ID`)
) ENGINE=InnoDB DEFAULT CHARSET=latin1;
/*!40101 SET character_set_client = @saved_cs_client */;

--
-- Dumping data for table `Advert`
--

LOCK TABLES `Advert` WRITE;
/*!40000 ALTER TABLE `Advert` DISABLE KEYS */;
/*!40000 ALTER TABLE `Advert` ENABLE KEYS */;
UNLOCK TABLES;

--
-- Table structure for table `Connects`
--

DROP TABLE IF EXISTS `Connects`;
/*!40101 SET @saved_cs_client     = @@character_set_client */;
/*!40101 SET character_set_client = utf8 */;
CREATE TABLE `Connects` (
  `IndividualID` int(11) NOT NULL,
  `NonProfitID` int(11) NOT NULL,
  PRIMARY KEY (`IndividualID`,`NonProfitID`),
  KEY `Connects_NonProfitID_FK` (`NonProfitID`),
  CONSTRAINT `Connects_IndividualID_FK` FOREIGN KEY (`IndividualID`) REFERENCES `Individual` (`ID`),
  CONSTRAINT `Connects_NonProfitID_FK` FOREIGN KEY (`NonProfitID`) REFERENCES `NonProfit` (`ID`)
) ENGINE=InnoDB DEFAULT CHARSET=latin1;
/*!40101 SET character_set_client = @saved_cs_client */;

--
-- Dumping data for table `Connects`
--

LOCK TABLES `Connects` WRITE;
/*!40000 ALTER TABLE `Connects` DISABLE KEYS */;
INSERT INTO `Connects` VALUES (8,37),(11,18),(23,50),(36,49),(38,15),(40,11),(40,50),(42,49),(45,43),(47,40);
/*!40000 ALTER TABLE `Connects` ENABLE KEYS */;
UNLOCK TABLES;

--
-- Table structure for table `Donated`
--

DROP TABLE IF EXISTS `Donated`;
/*!40101 SET @saved_cs_client     = @@character_set_client */;
/*!40101 SET character_set_client = utf8 */;
CREATE TABLE `Donated` (
  `IndividualID` int(11) NOT NULL,
  `DonationID` int(11) NOT NULL,
  `Amount` int(11) NOT NULL,
  `DonationDate` date NOT NULL,
  PRIMARY KEY (`IndividualID`,`DonationID`),
  KEY `Donated_DonationID_FK` (`DonationID`),
  CONSTRAINT `Donated_DonationID_FK` FOREIGN KEY (`DonationID`) REFERENCES `Donation` (`ID`),
  CONSTRAINT `Donated_IndividualID_FK` FOREIGN KEY (`IndividualID`) REFERENCES `Individual` (`ID`)
) ENGINE=InnoDB DEFAULT CHARSET=latin1;
/*!40101 SET character_set_client = @saved_cs_client */;

--
-- Dumping data for table `Donated`
--

LOCK TABLES `Donated` WRITE;
/*!40000 ALTER TABLE `Donated` DISABLE KEYS */;
/*!40000 ALTER TABLE `Donated` ENABLE KEYS */;
UNLOCK TABLES;

--
-- Table structure for table `Donation`
--

DROP TABLE IF EXISTS `Donation`;
/*!40101 SET @saved_cs_client     = @@character_set_client */;
/*!40101 SET character_set_client = utf8 */;
CREATE TABLE `Donation` (
  `ID` int(11) NOT NULL AUTO_INCREMENT,
  `Link` varchar(50) DEFAULT NULL,
  `Description` text NOT NULL,
  `CreatorID` int(11) NOT NULL,
  PRIMARY KEY (`ID`),
  KEY `Donation_CreatorID_FK` (`CreatorID`),
  CONSTRAINT `Donation_CreatorID_FK` FOREIGN KEY (`CreatorID`) REFERENCES `NonProfit` (`ID`)
) ENGINE=InnoDB DEFAULT CHARSET=latin1;
/*!40101 SET character_set_client = @saved_cs_client */;

--
-- Dumping data for table `Donation`
--

LOCK TABLES `Donation` WRITE;
/*!40000 ALTER TABLE `Donation` DISABLE KEYS */;
/*!40000 ALTER TABLE `Donation` ENABLE KEYS */;
UNLOCK TABLES;

--
-- Table structure for table `Event`
--

DROP TABLE IF EXISTS `Event`;
/*!40101 SET @saved_cs_client     = @@character_set_client */;
/*!40101 SET character_set_client = utf8 */;
CREATE TABLE `Event` (
  `ID` int(11) NOT NULL AUTO_INCREMENT,
  `EventName` varchar(50) NOT NULL,
  `Description` text NOT NULL,
  `TimeStart` time NOT NULL,
  `Duration` time NOT NULL,
  `EventDate` date NOT NULL,
  `LocationID` int(11) NOT NULL,
  PRIMARY KEY (`ID`),
  KEY `Event_LocationID_FK` (`LocationID`),
  CONSTRAINT `Event_LocationID_FK` FOREIGN KEY (`LocationID`) REFERENCES `Location` (`ID`)
) ENGINE=InnoDB AUTO_INCREMENT=101 DEFAULT CHARSET=latin1;
/*!40101 SET character_set_client = @saved_cs_client */;

--
-- Dumping data for table `Event`
--

LOCK TABLES `Event` WRITE;
/*!40000 ALTER TABLE `Event` DISABLE KEYS */;
INSERT INTO `Event` VALUES (1,'Honeysuckle','Quisque porta volutpat erat. Quisque erat eros, viverra eget, congue eget, semper rutrum, nulla. Nunc purus.','05:08:00','07:16:00','0000-00-00',51),(2,'Shortstem Beardtongue','Proin interdum mauris non ligula pellentesque ultrices. Phasellus id sapien in sapien iaculis congue. Vivamus metus arcu, adipiscing molestie, hendrerit at, vulputate vitae, nisl.','09:14:00','07:29:00','0000-00-00',52),(3,'Nodding Sage','Aenean fermentum. Donec ut mauris eget massa tempor convallis. Nulla neque libero, convallis eget, eleifend luctus, ultricies eu, nibh.','11:11:00','02:58:00','0000-00-00',53),(4,'Schwetschkeopsis Moss','Cras non velit nec nisi vulputate nonummy. Maecenas tincidunt lacus at velit. Vivamus vel nulla eget eros elementum pellentesque.\n\nQuisque porta volutpat erat. Quisque erat eros, viverra eget, congue eget, semper rutrum, nulla. Nunc purus.','04:04:00','01:28:00','0000-00-00',54),(5,'Edwards Plateau Milkvetch','Lorem ipsum dolor sit amet, consectetuer adipiscing elit. Proin risus. Praesent lectus.\n\nVestibulum quam sapien, varius ut, blandit non, interdum in, ante. Vestibulum ante ipsum primis in faucibus orci luctus et ultrices posuere cubilia Curae; Duis faucibus accumsan odio. Curabitur convallis.','05:47:00','02:31:00','0000-00-00',55),(6,'Greenthread','Vestibulum quam sapien, varius ut, blandit non, interdum in, ante. Vestibulum ante ipsum primis in faucibus orci luctus et ultrices posuere cubilia Curae; Duis faucibus accumsan odio. Curabitur convallis.','06:11:00','03:42:00','0000-00-00',56),(7,'Weak Rush','Phasellus in felis. Donec semper sapien a libero. Nam dui.','03:54:00','04:54:00','0000-00-00',57),(8,'Paja Brava','Lorem ipsum dolor sit amet, consectetuer adipiscing elit. Proin risus. Praesent lectus.\n\nVestibulum quam sapien, varius ut, blandit non, interdum in, ante. Vestibulum ante ipsum primis in faucibus orci luctus et ultrices posuere cubilia Curae; Duis faucibus accumsan odio. Curabitur convallis.\n\nDuis consequat dui nec nisi volutpat eleifend. Donec ut dolor. Morbi vel lectus in quam fringilla rhoncus.','08:06:00','01:53:00','0000-00-00',58),(9,'Willow Ragwort','Quisque id justo sit amet sapien dignissim vestibulum. Vestibulum ante ipsum primis in faucibus orci luctus et ultrices posuere cubilia Curae; Nulla dapibus dolor vel est. Donec odio justo, sollicitudin ut, suscipit a, feugiat et, eros.\n\nVestibulum ac est lacinia nisi venenatis tristique. Fusce congue, diam id ornare imperdiet, sapien urna pretium nisl, ut volutpat sapien arcu sed augue. Aliquam erat volutpat.','02:02:00','10:23:00','0000-00-00',59),(10,'Florida Poisontree','Quisque porta volutpat erat. Quisque erat eros, viverra eget, congue eget, semper rutrum, nulla. Nunc purus.','06:39:00','12:07:00','0000-00-00',60),(11,'Henicodium Moss','Maecenas ut massa quis augue luctus tincidunt. Nulla mollis molestie lorem. Quisque ut erat.\n\nCurabitur gravida nisi at nibh. In hac habitasse platea dictumst. Aliquam augue quam, sollicitudin vitae, consectetuer eget, rutrum at, lorem.','01:02:00','01:50:00','0000-00-00',61),(12,'Plantain Goldenweed','Aenean lectus. Pellentesque eget nunc. Donec quis orci eget orci vehicula condimentum.\n\nCurabitur in libero ut massa volutpat convallis. Morbi odio odio, elementum eu, interdum eu, tincidunt in, leo. Maecenas pulvinar lobortis est.\n\nPhasellus sit amet erat. Nulla tempus. Vivamus in felis eu sapien cursus vestibulum.','12:23:00','10:53:00','0000-00-00',62),(13,'Chandler\'s Craglily','In hac habitasse platea dictumst. Etiam faucibus cursus urna. Ut tellus.','06:53:00','12:49:00','0000-00-00',63),(14,'Bristleflower Collomia','In hac habitasse platea dictumst. Morbi vestibulum, velit id pretium iaculis, diam erat fermentum justo, nec condimentum neque sapien placerat ante. Nulla justo.\n\nAliquam quis turpis eget elit sodales scelerisque. Mauris sit amet eros. Suspendisse accumsan tortor quis turpis.','06:47:00','08:47:00','0000-00-00',64),(15,'Finger Speedwell','Proin leo odio, porttitor id, consequat in, consequat ut, nulla. Sed accumsan felis. Ut at dolor quis odio consequat varius.\n\nInteger ac leo. Pellentesque ultrices mattis odio. Donec vitae nisi.\n\nNam ultrices, libero non mattis pulvinar, nulla pede ullamcorper augue, a suscipit nulla elit ac nulla. Sed vel enim sit amet nunc viverra dapibus. Nulla suscipit ligula in lacus.','10:17:00','06:13:00','0000-00-00',65),(16,'Canada Beachhead Iris','In quis justo. Maecenas rhoncus aliquam lacus. Morbi quis tortor id nulla ultrices aliquet.\n\nMaecenas leo odio, condimentum id, luctus nec, molestie sed, justo. Pellentesque viverra pede ac diam. Cras pellentesque volutpat dui.','02:52:00','12:27:00','0000-00-00',66),(17,'Fringetree','Nam ultrices, libero non mattis pulvinar, nulla pede ullamcorper augue, a suscipit nulla elit ac nulla. Sed vel enim sit amet nunc viverra dapibus. Nulla suscipit ligula in lacus.','05:18:00','09:06:00','0000-00-00',67),(18,'Blueflower Butterwort','In quis justo. Maecenas rhoncus aliquam lacus. Morbi quis tortor id nulla ultrices aliquet.\n\nMaecenas leo odio, condimentum id, luctus nec, molestie sed, justo. Pellentesque viverra pede ac diam. Cras pellentesque volutpat dui.','03:56:00','04:46:00','0000-00-00',68),(19,'Sevendevils Onion','Curabitur in libero ut massa volutpat convallis. Morbi odio odio, elementum eu, interdum eu, tincidunt in, leo. Maecenas pulvinar lobortis est.\n\nPhasellus sit amet erat. Nulla tempus. Vivamus in felis eu sapien cursus vestibulum.','03:15:00','01:15:00','0000-00-00',69),(20,'Texas Rush','Nulla ut erat id mauris vulputate elementum. Nullam varius. Nulla facilisi.\n\nCras non velit nec nisi vulputate nonummy. Maecenas tincidunt lacus at velit. Vivamus vel nulla eget eros elementum pellentesque.\n\nQuisque porta volutpat erat. Quisque erat eros, viverra eget, congue eget, semper rutrum, nulla. Nunc purus.','09:36:00','08:55:00','0000-00-00',70),(21,'Crossidium Moss','Vestibulum quam sapien, varius ut, blandit non, interdum in, ante. Vestibulum ante ipsum primis in faucibus orci luctus et ultrices posuere cubilia Curae; Duis faucibus accumsan odio. Curabitur convallis.\n\nDuis consequat dui nec nisi volutpat eleifend. Donec ut dolor. Morbi vel lectus in quam fringilla rhoncus.','05:16:00','07:51:00','0000-00-00',71),(22,'Drummond\'s Pohlia Moss','In quis justo. Maecenas rhoncus aliquam lacus. Morbi quis tortor id nulla ultrices aliquet.\n\nMaecenas leo odio, condimentum id, luctus nec, molestie sed, justo. Pellentesque viverra pede ac diam. Cras pellentesque volutpat dui.','08:03:00','03:32:00','0000-00-00',72),(23,'Faurie\'s Panicgrass','Proin leo odio, porttitor id, consequat in, consequat ut, nulla. Sed accumsan felis. Ut at dolor quis odio consequat varius.\n\nInteger ac leo. Pellentesque ultrices mattis odio. Donec vitae nisi.','11:00:00','02:36:00','0000-00-00',73),(24,'Densespike Blazing Star','Quisque porta volutpat erat. Quisque erat eros, viverra eget, congue eget, semper rutrum, nulla. Nunc purus.\n\nPhasellus in felis. Donec semper sapien a libero. Nam dui.\n\nProin leo odio, porttitor id, consequat in, consequat ut, nulla. Sed accumsan felis. Ut at dolor quis odio consequat varius.','12:56:00','12:18:00','0000-00-00',74),(25,'Coyote Mint','Fusce posuere felis sed lacus. Morbi sem mauris, laoreet ut, rhoncus aliquet, pulvinar sed, nisl. Nunc rhoncus dui vel sem.\n\nSed sagittis. Nam congue, risus semper porta volutpat, quam pede lobortis ligula, sit amet eleifend pede libero quis orci. Nullam molestie nibh in lectus.\n\nPellentesque at nulla. Suspendisse potenti. Cras in purus eu magna vulputate luctus.','07:39:00','02:58:00','0000-00-00',75),(26,'Temblor Range Clarkia','In sagittis dui vel nisl. Duis ac nibh. Fusce lacus purus, aliquet at, feugiat non, pretium quis, lectus.','05:34:00','09:30:00','0000-00-00',76),(27,'California Brittlebush','Aliquam quis turpis eget elit sodales scelerisque. Mauris sit amet eros. Suspendisse accumsan tortor quis turpis.\n\nSed ante. Vivamus tortor. Duis mattis egestas metus.','04:11:00','01:24:00','0000-00-00',77),(28,'Tall Blazing Star','Phasellus in felis. Donec semper sapien a libero. Nam dui.\n\nProin leo odio, porttitor id, consequat in, consequat ut, nulla. Sed accumsan felis. Ut at dolor quis odio consequat varius.\n\nInteger ac leo. Pellentesque ultrices mattis odio. Donec vitae nisi.','08:08:00','01:17:00','0000-00-00',78),(29,'Golden Carpetgrass','Suspendisse potenti. In eleifend quam a odio. In hac habitasse platea dictumst.','11:52:00','07:02:00','0000-00-00',79),(30,'Flatspine Stickseed','Aliquam quis turpis eget elit sodales scelerisque. Mauris sit amet eros. Suspendisse accumsan tortor quis turpis.\n\nSed ante. Vivamus tortor. Duis mattis egestas metus.\n\nAenean fermentum. Donec ut mauris eget massa tempor convallis. Nulla neque libero, convallis eget, eleifend luctus, ultricies eu, nibh.','10:54:00','11:20:00','0000-00-00',80),(31,'California Gilia','Nam ultrices, libero non mattis pulvinar, nulla pede ullamcorper augue, a suscipit nulla elit ac nulla. Sed vel enim sit amet nunc viverra dapibus. Nulla suscipit ligula in lacus.','06:22:00','07:22:00','0000-00-00',81),(32,'Pseuderanthemum','In hac habitasse platea dictumst. Morbi vestibulum, velit id pretium iaculis, diam erat fermentum justo, nec condimentum neque sapien placerat ante. Nulla justo.\n\nAliquam quis turpis eget elit sodales scelerisque. Mauris sit amet eros. Suspendisse accumsan tortor quis turpis.','08:32:00','05:31:00','0000-00-00',82),(33,'King Bladderpod','Nullam sit amet turpis elementum ligula vehicula consequat. Morbi a ipsum. Integer a nibh.\n\nIn quis justo. Maecenas rhoncus aliquam lacus. Morbi quis tortor id nulla ultrices aliquet.','08:24:00','01:43:00','0000-00-00',83),(34,'Tetraphis Moss','Phasellus in felis. Donec semper sapien a libero. Nam dui.','10:47:00','07:49:00','0000-00-00',84),(35,'California Larkspur','Sed ante. Vivamus tortor. Duis mattis egestas metus.\n\nAenean fermentum. Donec ut mauris eget massa tempor convallis. Nulla neque libero, convallis eget, eleifend luctus, ultricies eu, nibh.\n\nQuisque id justo sit amet sapien dignissim vestibulum. Vestibulum ante ipsum primis in faucibus orci luctus et ultrices posuere cubilia Curae; Nulla dapibus dolor vel est. Donec odio justo, sollicitudin ut, suscipit a, feugiat et, eros.','12:12:00','11:26:00','0000-00-00',85),(36,'Threeleaf Foamflower','Etiam vel augue. Vestibulum rutrum rutrum neque. Aenean auctor gravida sem.\n\nPraesent id massa id nisl venenatis lacinia. Aenean sit amet justo. Morbi ut odio.','03:01:00','11:15:00','0000-00-00',86),(37,'Widespread Rockcap Fern','Vestibulum ac est lacinia nisi venenatis tristique. Fusce congue, diam id ornare imperdiet, sapien urna pretium nisl, ut volutpat sapien arcu sed augue. Aliquam erat volutpat.\n\nIn congue. Etiam justo. Etiam pretium iaculis justo.','01:15:00','12:02:00','0000-00-00',87),(38,'Giant Woollystar','Fusce consequat. Nulla nisl. Nunc nisl.\n\nDuis bibendum, felis sed interdum venenatis, turpis enim blandit mi, in porttitor pede justo eu massa. Donec dapibus. Duis at velit eu est congue elementum.\n\nIn hac habitasse platea dictumst. Morbi vestibulum, velit id pretium iaculis, diam erat fermentum justo, nec condimentum neque sapien placerat ante. Nulla justo.','09:37:00','07:51:00','0000-00-00',88),(39,'Cola De Paloma','Cum sociis natoque penatibus et magnis dis parturient montes, nascetur ridiculus mus. Vivamus vestibulum sagittis sapien. Cum sociis natoque penatibus et magnis dis parturient montes, nascetur ridiculus mus.\n\nEtiam vel augue. Vestibulum rutrum rutrum neque. Aenean auctor gravida sem.\n\nPraesent id massa id nisl venenatis lacinia. Aenean sit amet justo. Morbi ut odio.','02:14:00','07:49:00','0000-00-00',89),(40,'Maidencane','Fusce consequat. Nulla nisl. Nunc nisl.','05:21:00','06:46:00','0000-00-00',90),(41,'Narrowleaf Water-starwort','Quisque porta volutpat erat. Quisque erat eros, viverra eget, congue eget, semper rutrum, nulla. Nunc purus.\n\nPhasellus in felis. Donec semper sapien a libero. Nam dui.\n\nProin leo odio, porttitor id, consequat in, consequat ut, nulla. Sed accumsan felis. Ut at dolor quis odio consequat varius.','12:10:00','07:23:00','0000-00-00',91),(42,'Rock Buckwheat','Etiam vel augue. Vestibulum rutrum rutrum neque. Aenean auctor gravida sem.\n\nPraesent id massa id nisl venenatis lacinia. Aenean sit amet justo. Morbi ut odio.\n\nCras mi pede, malesuada in, imperdiet et, commodo vulputate, justo. In blandit ultrices enim. Lorem ipsum dolor sit amet, consectetuer adipiscing elit.','12:16:00','01:01:00','0000-00-00',92),(43,'Pohlia Moss','Duis bibendum. Morbi non quam nec dui luctus rutrum. Nulla tellus.','04:40:00','01:09:00','0000-00-00',93),(44,'Paiute Beardtongue','In congue. Etiam justo. Etiam pretium iaculis justo.','05:37:00','04:02:00','0000-00-00',94),(45,'Liddon Sedge','Phasellus sit amet erat. Nulla tempus. Vivamus in felis eu sapien cursus vestibulum.\n\nProin eu mi. Nulla ac enim. In tempor, turpis nec euismod scelerisque, quam turpis adipiscing lorem, vitae mattis nibh ligula nec sem.\n\nDuis aliquam convallis nunc. Proin at turpis a pede posuere nonummy. Integer non velit.','09:36:00','05:27:00','0000-00-00',95),(46,'Crevajosa','Curabitur gravida nisi at nibh. In hac habitasse platea dictumst. Aliquam augue quam, sollicitudin vitae, consectetuer eget, rutrum at, lorem.\n\nInteger tincidunt ante vel ipsum. Praesent blandit lacinia erat. Vestibulum sed magna at nunc commodo placerat.\n\nPraesent blandit. Nam nulla. Integer pede justo, lacinia eget, tincidunt eget, tempus vel, pede.','12:36:00','07:10:00','0000-00-00',96),(47,'Knudsen\'s Birdnest Fern','Morbi porttitor lorem id ligula. Suspendisse ornare consequat lectus. In est risus, auctor sed, tristique in, tempus sit amet, sem.\n\nFusce consequat. Nulla nisl. Nunc nisl.\n\nDuis bibendum, felis sed interdum venenatis, turpis enim blandit mi, in porttitor pede justo eu massa. Donec dapibus. Duis at velit eu est congue elementum.','07:56:00','12:14:00','0000-00-00',97),(48,'Dicranella Moss','In sagittis dui vel nisl. Duis ac nibh. Fusce lacus purus, aliquet at, feugiat non, pretium quis, lectus.\n\nSuspendisse potenti. In eleifend quam a odio. In hac habitasse platea dictumst.\n\nMaecenas ut massa quis augue luctus tincidunt. Nulla mollis molestie lorem. Quisque ut erat.','08:50:00','08:50:00','0000-00-00',98),(49,'Sweet Sagewort','Pellentesque at nulla. Suspendisse potenti. Cras in purus eu magna vulputate luctus.','09:33:00','12:43:00','0000-00-00',99),(50,'Bahama Pigeonplum','Cras mi pede, malesuada in, imperdiet et, commodo vulputate, justo. In blandit ultrices enim. Lorem ipsum dolor sit amet, consectetuer adipiscing elit.\n\nProin interdum mauris non ligula pellentesque ultrices. Phasellus id sapien in sapien iaculis congue. Vivamus metus arcu, adipiscing molestie, hendrerit at, vulputate vitae, nisl.','05:16:00','09:42:00','0000-00-00',100),(51,'Colorado Blue Columbine','In quis justo. Maecenas rhoncus aliquam lacus. Morbi quis tortor id nulla ultrices aliquet.\n\nMaecenas leo odio, condimentum id, luctus nec, molestie sed, justo. Pellentesque viverra pede ac diam. Cras pellentesque volutpat dui.','02:42:00','06:23:00','0000-00-00',101),(52,'Sedge','Fusce posuere felis sed lacus. Morbi sem mauris, laoreet ut, rhoncus aliquet, pulvinar sed, nisl. Nunc rhoncus dui vel sem.','11:37:00','02:38:00','0000-00-00',102),(53,'Sessileleaf Cyanea','Vestibulum quam sapien, varius ut, blandit non, interdum in, ante. Vestibulum ante ipsum primis in faucibus orci luctus et ultrices posuere cubilia Curae; Duis faucibus accumsan odio. Curabitur convallis.\n\nDuis consequat dui nec nisi volutpat eleifend. Donec ut dolor. Morbi vel lectus in quam fringilla rhoncus.\n\nMauris enim leo, rhoncus sed, vestibulum sit amet, cursus id, turpis. Integer aliquet, massa id lobortis convallis, tortor risus dapibus augue, vel accumsan tellus nisi eu orci. Mauris lacinia sapien quis libero.','11:49:00','03:27:00','0000-00-00',103),(54,'St. Eustatius Threeawn','Quisque porta volutpat erat. Quisque erat eros, viverra eget, congue eget, semper rutrum, nulla. Nunc purus.\n\nPhasellus in felis. Donec semper sapien a libero. Nam dui.','02:24:00','11:01:00','0000-00-00',104),(55,'Fourleaf Mare\'s-tail','Fusce posuere felis sed lacus. Morbi sem mauris, laoreet ut, rhoncus aliquet, pulvinar sed, nisl. Nunc rhoncus dui vel sem.\n\nSed sagittis. Nam congue, risus semper porta volutpat, quam pede lobortis ligula, sit amet eleifend pede libero quis orci. Nullam molestie nibh in lectus.','12:03:00','10:54:00','0000-00-00',105),(56,'Traveler\'s Delight','Aliquam quis turpis eget elit sodales scelerisque. Mauris sit amet eros. Suspendisse accumsan tortor quis turpis.','11:52:00','04:19:00','0000-00-00',106),(57,'Hawai\'i Scaleseed','Maecenas ut massa quis augue luctus tincidunt. Nulla mollis molestie lorem. Quisque ut erat.\n\nCurabitur gravida nisi at nibh. In hac habitasse platea dictumst. Aliquam augue quam, sollicitudin vitae, consectetuer eget, rutrum at, lorem.\n\nInteger tincidunt ante vel ipsum. Praesent blandit lacinia erat. Vestibulum sed magna at nunc commodo placerat.','03:59:00','10:38:00','0000-00-00',107),(58,'Red Fescue','Curabitur gravida nisi at nibh. In hac habitasse platea dictumst. Aliquam augue quam, sollicitudin vitae, consectetuer eget, rutrum at, lorem.\n\nInteger tincidunt ante vel ipsum. Praesent blandit lacinia erat. Vestibulum sed magna at nunc commodo placerat.\n\nPraesent blandit. Nam nulla. Integer pede justo, lacinia eget, tincidunt eget, tempus vel, pede.','03:27:00','02:53:00','0000-00-00',108),(59,'Aster','In congue. Etiam justo. Etiam pretium iaculis justo.','01:09:00','05:39:00','0000-00-00',109),(60,'Copper Iris','Proin leo odio, porttitor id, consequat in, consequat ut, nulla. Sed accumsan felis. Ut at dolor quis odio consequat varius.','11:47:00','09:52:00','0000-00-00',110),(61,'Depreault\'s Snow Lichen','Quisque id justo sit amet sapien dignissim vestibulum. Vestibulum ante ipsum primis in faucibus orci luctus et ultrices posuere cubilia Curae; Nulla dapibus dolor vel est. Donec odio justo, sollicitudin ut, suscipit a, feugiat et, eros.\n\nVestibulum ac est lacinia nisi venenatis tristique. Fusce congue, diam id ornare imperdiet, sapien urna pretium nisl, ut volutpat sapien arcu sed augue. Aliquam erat volutpat.\n\nIn congue. Etiam justo. Etiam pretium iaculis justo.','12:58:00','10:06:00','0000-00-00',111),(62,'Philonotis Moss','Nulla ut erat id mauris vulputate elementum. Nullam varius. Nulla facilisi.\n\nCras non velit nec nisi vulputate nonummy. Maecenas tincidunt lacus at velit. Vivamus vel nulla eget eros elementum pellentesque.','09:50:00','12:07:00','0000-00-00',112),(63,'Hydrocotyle','Fusce posuere felis sed lacus. Morbi sem mauris, laoreet ut, rhoncus aliquet, pulvinar sed, nisl. Nunc rhoncus dui vel sem.\n\nSed sagittis. Nam congue, risus semper porta volutpat, quam pede lobortis ligula, sit amet eleifend pede libero quis orci. Nullam molestie nibh in lectus.\n\nPellentesque at nulla. Suspendisse potenti. Cras in purus eu magna vulputate luctus.','03:35:00','05:14:00','0000-00-00',113),(64,'Ruby Saltbush','Cras mi pede, malesuada in, imperdiet et, commodo vulputate, justo. In blandit ultrices enim. Lorem ipsum dolor sit amet, consectetuer adipiscing elit.\n\nProin interdum mauris non ligula pellentesque ultrices. Phasellus id sapien in sapien iaculis congue. Vivamus metus arcu, adipiscing molestie, hendrerit at, vulputate vitae, nisl.\n\nAenean lectus. Pellentesque eget nunc. Donec quis orci eget orci vehicula condimentum.','07:11:00','08:36:00','0000-00-00',114),(65,'Ground Nama','In sagittis dui vel nisl. Duis ac nibh. Fusce lacus purus, aliquet at, feugiat non, pretium quis, lectus.\n\nSuspendisse potenti. In eleifend quam a odio. In hac habitasse platea dictumst.\n\nMaecenas ut massa quis augue luctus tincidunt. Nulla mollis molestie lorem. Quisque ut erat.','09:44:00','05:41:00','0000-00-00',115),(66,'Graybark Grape','Praesent blandit. Nam nulla. Integer pede justo, lacinia eget, tincidunt eget, tempus vel, pede.','09:13:00','09:50:00','0000-00-00',116),(67,'Barbula Moss','Praesent blandit. Nam nulla. Integer pede justo, lacinia eget, tincidunt eget, tempus vel, pede.\n\nMorbi porttitor lorem id ligula. Suspendisse ornare consequat lectus. In est risus, auctor sed, tristique in, tempus sit amet, sem.\n\nFusce consequat. Nulla nisl. Nunc nisl.','05:24:00','04:03:00','0000-00-00',117),(68,'Eckfeldt\'s Lecidea Lichen','Sed ante. Vivamus tortor. Duis mattis egestas metus.\n\nAenean fermentum. Donec ut mauris eget massa tempor convallis. Nulla neque libero, convallis eget, eleifend luctus, ultricies eu, nibh.','04:54:00','10:33:00','0000-00-00',118),(69,'East Indian Lemongrass','Proin leo odio, porttitor id, consequat in, consequat ut, nulla. Sed accumsan felis. Ut at dolor quis odio consequat varius.\n\nInteger ac leo. Pellentesque ultrices mattis odio. Donec vitae nisi.','06:31:00','02:20:00','0000-00-00',119),(70,'Spreading Pygmyleaf','Praesent id massa id nisl venenatis lacinia. Aenean sit amet justo. Morbi ut odio.\n\nCras mi pede, malesuada in, imperdiet et, commodo vulputate, justo. In blandit ultrices enim. Lorem ipsum dolor sit amet, consectetuer adipiscing elit.','02:16:00','03:25:00','0000-00-00',120),(71,'High Mallow','Integer ac leo. Pellentesque ultrices mattis odio. Donec vitae nisi.\n\nNam ultrices, libero non mattis pulvinar, nulla pede ullamcorper augue, a suscipit nulla elit ac nulla. Sed vel enim sit amet nunc viverra dapibus. Nulla suscipit ligula in lacus.\n\nCurabitur at ipsum ac tellus semper interdum. Mauris ullamcorper purus sit amet nulla. Quisque arcu libero, rutrum ac, lobortis vel, dapibus at, diam.','11:57:00','03:47:00','0000-00-00',121),(72,'Broadleaf Lupine','Curabitur gravida nisi at nibh. In hac habitasse platea dictumst. Aliquam augue quam, sollicitudin vitae, consectetuer eget, rutrum at, lorem.','06:22:00','08:40:00','0000-00-00',122),(73,'Desert Stingbush','Proin eu mi. Nulla ac enim. In tempor, turpis nec euismod scelerisque, quam turpis adipiscing lorem, vitae mattis nibh ligula nec sem.\n\nDuis aliquam convallis nunc. Proin at turpis a pede posuere nonummy. Integer non velit.','05:36:00','04:21:00','0000-00-00',123),(74,'Liana De Cuello','Donec diam neque, vestibulum eget, vulputate ut, ultrices vel, augue. Vestibulum ante ipsum primis in faucibus orci luctus et ultrices posuere cubilia Curae; Donec pharetra, magna vestibulum aliquet ultrices, erat tortor sollicitudin mi, sit amet lobortis sapien sapien non mi. Integer ac neque.\n\nDuis bibendum. Morbi non quam nec dui luctus rutrum. Nulla tellus.','09:59:00','09:57:00','0000-00-00',124),(75,'Glandular False Calico','Maecenas leo odio, condimentum id, luctus nec, molestie sed, justo. Pellentesque viverra pede ac diam. Cras pellentesque volutpat dui.','10:32:00','12:47:00','0000-00-00',125),(76,'Bitter Root Draba','Nullam sit amet turpis elementum ligula vehicula consequat. Morbi a ipsum. Integer a nibh.\n\nIn quis justo. Maecenas rhoncus aliquam lacus. Morbi quis tortor id nulla ultrices aliquet.\n\nMaecenas leo odio, condimentum id, luctus nec, molestie sed, justo. Pellentesque viverra pede ac diam. Cras pellentesque volutpat dui.','12:26:00','02:10:00','0000-00-00',126),(77,'Blue Umbrella-sedge','Maecenas tristique, est et tempus semper, est quam pharetra magna, ac consequat metus sapien ut nunc. Vestibulum ante ipsum primis in faucibus orci luctus et ultrices posuere cubilia Curae; Mauris viverra diam vitae quam. Suspendisse potenti.\n\nNullam porttitor lacus at turpis. Donec posuere metus vitae ipsum. Aliquam non mauris.\n\nMorbi non lectus. Aliquam sit amet diam in magna bibendum imperdiet. Nullam orci pede, venenatis non, sodales sed, tincidunt eu, felis.','03:53:00','01:37:00','0000-00-00',127),(78,'Roesler\'s Cartilage Lichen','Duis aliquam convallis nunc. Proin at turpis a pede posuere nonummy. Integer non velit.\n\nDonec diam neque, vestibulum eget, vulputate ut, ultrices vel, augue. Vestibulum ante ipsum primis in faucibus orci luctus et ultrices posuere cubilia Curae; Donec pharetra, magna vestibulum aliquet ultrices, erat tortor sollicitudin mi, sit amet lobortis sapien sapien non mi. Integer ac neque.\n\nDuis bibendum. Morbi non quam nec dui luctus rutrum. Nulla tellus.','06:55:00','06:34:00','0000-00-00',128),(79,'Po\'owaha','Nam ultrices, libero non mattis pulvinar, nulla pede ullamcorper augue, a suscipit nulla elit ac nulla. Sed vel enim sit amet nunc viverra dapibus. Nulla suscipit ligula in lacus.','06:03:00','05:14:00','0000-00-00',129),(80,'Intermediate Duckweed','Integer ac leo. Pellentesque ultrices mattis odio. Donec vitae nisi.\n\nNam ultrices, libero non mattis pulvinar, nulla pede ullamcorper augue, a suscipit nulla elit ac nulla. Sed vel enim sit amet nunc viverra dapibus. Nulla suscipit ligula in lacus.\n\nCurabitur at ipsum ac tellus semper interdum. Mauris ullamcorper purus sit amet nulla. Quisque arcu libero, rutrum ac, lobortis vel, dapibus at, diam.','06:45:00','04:10:00','0000-00-00',130),(81,'Pineland False Foxglove','Aenean lectus. Pellentesque eget nunc. Donec quis orci eget orci vehicula condimentum.\n\nCurabitur in libero ut massa volutpat convallis. Morbi odio odio, elementum eu, interdum eu, tincidunt in, leo. Maecenas pulvinar lobortis est.\n\nPhasellus sit amet erat. Nulla tempus. Vivamus in felis eu sapien cursus vestibulum.','09:34:00','06:06:00','0000-00-00',131),(82,'Meyen\'s Flatsedge','Etiam vel augue. Vestibulum rutrum rutrum neque. Aenean auctor gravida sem.\n\nPraesent id massa id nisl venenatis lacinia. Aenean sit amet justo. Morbi ut odio.\n\nCras mi pede, malesuada in, imperdiet et, commodo vulputate, justo. In blandit ultrices enim. Lorem ipsum dolor sit amet, consectetuer adipiscing elit.','04:17:00','03:18:00','0000-00-00',132),(83,'Navasota Lady\'s Tresses','Morbi porttitor lorem id ligula. Suspendisse ornare consequat lectus. In est risus, auctor sed, tristique in, tempus sit amet, sem.','05:00:00','06:00:00','0000-00-00',133),(84,'Woolly Nipple Cactus','Morbi non lectus. Aliquam sit amet diam in magna bibendum imperdiet. Nullam orci pede, venenatis non, sodales sed, tincidunt eu, felis.\n\nFusce posuere felis sed lacus. Morbi sem mauris, laoreet ut, rhoncus aliquet, pulvinar sed, nisl. Nunc rhoncus dui vel sem.\n\nSed sagittis. Nam congue, risus semper porta volutpat, quam pede lobortis ligula, sit amet eleifend pede libero quis orci. Nullam molestie nibh in lectus.','08:55:00','01:35:00','0000-00-00',134),(85,'Lung Lichen','Vestibulum ac est lacinia nisi venenatis tristique. Fusce congue, diam id ornare imperdiet, sapien urna pretium nisl, ut volutpat sapien arcu sed augue. Aliquam erat volutpat.\n\nIn congue. Etiam justo. Etiam pretium iaculis justo.\n\nIn hac habitasse platea dictumst. Etiam faucibus cursus urna. Ut tellus.','10:14:00','11:36:00','0000-00-00',135),(86,'Parish\'s Milkvetch','In hac habitasse platea dictumst. Morbi vestibulum, velit id pretium iaculis, diam erat fermentum justo, nec condimentum neque sapien placerat ante. Nulla justo.\n\nAliquam quis turpis eget elit sodales scelerisque. Mauris sit amet eros. Suspendisse accumsan tortor quis turpis.\n\nSed ante. Vivamus tortor. Duis mattis egestas metus.','07:52:00','03:17:00','0000-00-00',136),(87,'Aster','Quisque id justo sit amet sapien dignissim vestibulum. Vestibulum ante ipsum primis in faucibus orci luctus et ultrices posuere cubilia Curae; Nulla dapibus dolor vel est. Donec odio justo, sollicitudin ut, suscipit a, feugiat et, eros.\n\nVestibulum ac est lacinia nisi venenatis tristique. Fusce congue, diam id ornare imperdiet, sapien urna pretium nisl, ut volutpat sapien arcu sed augue. Aliquam erat volutpat.','01:59:00','06:21:00','0000-00-00',137),(88,'Carry Me Seed','Duis bibendum, felis sed interdum venenatis, turpis enim blandit mi, in porttitor pede justo eu massa. Donec dapibus. Duis at velit eu est congue elementum.','11:57:00','10:32:00','0000-00-00',138),(89,'Allen\'s Thuidium Moss','Nullam sit amet turpis elementum ligula vehicula consequat. Morbi a ipsum. Integer a nibh.\n\nIn quis justo. Maecenas rhoncus aliquam lacus. Morbi quis tortor id nulla ultrices aliquet.','06:20:00','02:40:00','0000-00-00',139),(90,'Morro Milkvetch','Donec diam neque, vestibulum eget, vulputate ut, ultrices vel, augue. Vestibulum ante ipsum primis in faucibus orci luctus et ultrices posuere cubilia Curae; Donec pharetra, magna vestibulum aliquet ultrices, erat tortor sollicitudin mi, sit amet lobortis sapien sapien non mi. Integer ac neque.\n\nDuis bibendum. Morbi non quam nec dui luctus rutrum. Nulla tellus.','11:24:00','01:35:00','0000-00-00',140),(91,'Cliff Goldenbush','Aenean lectus. Pellentesque eget nunc. Donec quis orci eget orci vehicula condimentum.\n\nCurabitur in libero ut massa volutpat convallis. Morbi odio odio, elementum eu, interdum eu, tincidunt in, leo. Maecenas pulvinar lobortis est.\n\nPhasellus sit amet erat. Nulla tempus. Vivamus in felis eu sapien cursus vestibulum.','12:15:00','08:37:00','0000-00-00',141),(92,'Blue Wild Indigo','Sed ante. Vivamus tortor. Duis mattis egestas metus.','10:20:00','04:29:00','0000-00-00',142),(93,'Spreading Amaranth','Duis consequat dui nec nisi volutpat eleifend. Donec ut dolor. Morbi vel lectus in quam fringilla rhoncus.\n\nMauris enim leo, rhoncus sed, vestibulum sit amet, cursus id, turpis. Integer aliquet, massa id lobortis convallis, tortor risus dapibus augue, vel accumsan tellus nisi eu orci. Mauris lacinia sapien quis libero.\n\nNullam sit amet turpis elementum ligula vehicula consequat. Morbi a ipsum. Integer a nibh.','04:38:00','06:52:00','0000-00-00',143),(94,'Schinopsis','Proin eu mi. Nulla ac enim. In tempor, turpis nec euismod scelerisque, quam turpis adipiscing lorem, vitae mattis nibh ligula nec sem.\n\nDuis aliquam convallis nunc. Proin at turpis a pede posuere nonummy. Integer non velit.','08:54:00','06:09:00','0000-00-00',144),(95,'Ragwort','Duis aliquam convallis nunc. Proin at turpis a pede posuere nonummy. Integer non velit.','09:15:00','04:45:00','0000-00-00',145),(96,'Showy Penstemon','Cras non velit nec nisi vulputate nonummy. Maecenas tincidunt lacus at velit. Vivamus vel nulla eget eros elementum pellentesque.\n\nQuisque porta volutpat erat. Quisque erat eros, viverra eget, congue eget, semper rutrum, nulla. Nunc purus.\n\nPhasellus in felis. Donec semper sapien a libero. Nam dui.','05:07:00','08:31:00','0000-00-00',146),(97,'Narrowleaf Knotweed','In hac habitasse platea dictumst. Etiam faucibus cursus urna. Ut tellus.','06:16:00','02:08:00','0000-00-00',147),(98,'False Cloak Fern','Praesent id massa id nisl venenatis lacinia. Aenean sit amet justo. Morbi ut odio.\n\nCras mi pede, malesuada in, imperdiet et, commodo vulputate, justo. In blandit ultrices enim. Lorem ipsum dolor sit amet, consectetuer adipiscing elit.\n\nProin interdum mauris non ligula pellentesque ultrices. Phasellus id sapien in sapien iaculis congue. Vivamus metus arcu, adipiscing molestie, hendrerit at, vulputate vitae, nisl.','11:37:00','08:57:00','0000-00-00',148),(99,'Hyssopleaf Thoroughwort','In hac habitasse platea dictumst. Etiam faucibus cursus urna. Ut tellus.\n\nNulla ut erat id mauris vulputate elementum. Nullam varius. Nulla facilisi.','03:54:00','05:00:00','0000-00-00',149),(100,'Cascarilla','Aliquam quis turpis eget elit sodales scelerisque. Mauris sit amet eros. Suspendisse accumsan tortor quis turpis.\n\nSed ante. Vivamus tortor. Duis mattis egestas metus.','01:06:00','06:14:00','0000-00-00',150);
/*!40000 ALTER TABLE `Event` ENABLE KEYS */;
UNLOCK TABLES;

--
-- Table structure for table `EventSkills`
--

DROP TABLE IF EXISTS `EventSkills`;
/*!40101 SET @saved_cs_client     = @@character_set_client */;
/*!40101 SET character_set_client = utf8 */;
CREATE TABLE `EventSkills` (
  `EventID` int(11) NOT NULL,
  `SkillID` int(11) NOT NULL,
  PRIMARY KEY (`EventID`,`SkillID`),
  KEY `EventSkills_SkillID_FK` (`SkillID`),
  CONSTRAINT `EventSkills_EventID_FK` FOREIGN KEY (`EventID`) REFERENCES `Event` (`ID`),
  CONSTRAINT `EventSkills_SkillID_FK` FOREIGN KEY (`SkillID`) REFERENCES `Skills` (`ID`)
) ENGINE=InnoDB DEFAULT CHARSET=latin1;
/*!40101 SET character_set_client = @saved_cs_client */;

--
-- Dumping data for table `EventSkills`
--

LOCK TABLES `EventSkills` WRITE;
/*!40000 ALTER TABLE `EventSkills` DISABLE KEYS */;
INSERT INTO `EventSkills` VALUES (1,5),(1,7),(2,4),(3,3),(3,5),(3,6),(3,8),(3,9),(4,3),(4,5),(4,7),(5,2),(6,4),(6,5),(6,7),(8,1),(8,7),(8,8),(9,3),(9,5),(10,4),(10,9),(13,2),(13,3),(14,6),(14,10),(15,1),(15,8),(15,9),(17,2),(17,4),(17,6),(18,6),(19,6),(19,9),(20,3),(20,7),(20,8),(20,9),(23,3),(25,9),(26,1),(26,4),(26,9),(27,1),(27,2),(27,3),(27,4),(28,2),(28,8),(30,3),(30,4),(30,8),(31,3),(31,9),(31,10),(32,5),(32,7),(32,10),(33,7),(33,8),(34,10),(35,2),(35,4),(35,6),(36,1),(36,7),(37,4),(38,9),(39,3),(40,10),(41,6),(41,7),(43,1),(43,7),(45,4),(46,3),(46,10),(47,8),(47,9),(48,1),(48,3),(48,6),(49,4),(49,5),(49,9),(50,5),(51,10),(53,1),(53,2),(54,6),(54,7),(55,2),(55,4),(56,1),(56,2),(56,4),(56,7),(57,1),(57,10),(60,2),(60,3),(60,5),(60,9),(61,1),(61,7),(62,9),(64,6),(65,6),(65,8),(66,6),(66,7),(66,8),(67,7),(67,8),(68,2),(69,2),(69,3),(69,4),(70,8),(71,2),(71,9),(72,4),(72,7),(72,10),(73,2),(74,8),(75,4),(75,6),(77,1),(77,2),(77,7),(78,2),(78,5),(78,8),(79,3),(79,10),(81,2),(81,6),(82,1),(83,2),(83,3),(83,7),(83,10),(84,5),(84,6),(84,9),(85,2),(85,5),(85,6),(86,3),(86,7),(86,10),(87,2),(87,6),(87,7),(87,9),(88,2),(88,6),(90,1),(90,2),(90,3),(91,7),(92,1),(92,3),(93,1),(93,3),(93,6),(93,7),(94,2),(94,4),(94,5),(94,7),(95,2),(95,6),(95,7),(95,10),(96,1),(97,2),(97,5),(97,7),(98,4),(98,10),(99,5),(99,8),(100,3);
/*!40000 ALTER TABLE `EventSkills` ENABLE KEYS */;
UNLOCK TABLES;

--
-- Table structure for table `Follows`
--

DROP TABLE IF EXISTS `Follows`;
/*!40101 SET @saved_cs_client     = @@character_set_client */;
/*!40101 SET character_set_client = utf8 */;
CREATE TABLE `Follows` (
  `FollowerID` int(11) NOT NULL,
  `PosterID` int(11) NOT NULL,
  PRIMARY KEY (`FollowerID`,`PosterID`),
  KEY `Follows_PosterID_FK` (`PosterID`),
  CONSTRAINT `Follows_FollowerID_FK` FOREIGN KEY (`FollowerID`) REFERENCES `Individual` (`ID`),
  CONSTRAINT `Follows_PosterID_FK` FOREIGN KEY (`PosterID`) REFERENCES `Individual` (`ID`)
) ENGINE=InnoDB DEFAULT CHARSET=latin1;
/*!40101 SET character_set_client = @saved_cs_client */;

--
-- Dumping data for table `Follows`
--

LOCK TABLES `Follows` WRITE;
/*!40000 ALTER TABLE `Follows` DISABLE KEYS */;
INSERT INTO `Follows` VALUES (2,25),(2,35),(2,49),(3,9),(3,40),(3,41),(6,35),(7,30),(7,49),(8,11),(8,35),(9,26),(9,45),(11,20),(11,25),(13,28),(16,16),(19,3),(20,4),(21,9),(23,15),(23,50),(24,20),(25,17),(27,4),(27,48),(31,23),(31,33),(32,16),(32,27),(35,1),(35,27),(37,24),(38,37),(39,24),(40,8),(41,9),(41,44),(42,10),(42,22),(44,1),(44,7),(45,26),(46,7),(47,5),(47,33),(48,23),(49,2),(49,5),(50,33);
/*!40000 ALTER TABLE `Follows` ENABLE KEYS */;
UNLOCK TABLES;

--
-- Table structure for table `GeneralLocation`
--

DROP TABLE IF EXISTS `GeneralLocation`;
/*!40101 SET @saved_cs_client     = @@character_set_client */;
/*!40101 SET character_set_client = utf8 */;
CREATE TABLE `GeneralLocation` (
  `ID` int(11) NOT NULL AUTO_INCREMENT,
  `State` varchar(2) COLLATE utf8_bin NOT NULL,
  `City` varchar(50) COLLATE utf8_bin NOT NULL,
  `ZipCode` int(11) NOT NULL,
  PRIMARY KEY (`ID`)
) ENGINE=InnoDB AUTO_INCREMENT=51 DEFAULT CHARSET=utf8 COLLATE=utf8_bin;
/*!40101 SET character_set_client = @saved_cs_client */;

--
-- Dumping data for table `GeneralLocation`
--

LOCK TABLES `GeneralLocation` WRITE;
/*!40000 ALTER TABLE `GeneralLocation` DISABLE KEYS */;
INSERT INTO `GeneralLocation` VALUES (1,'Ge','Decatur',30033),(2,'Or','Portland',97211),(3,'Di','Washington',20046),(4,'Ca','Torrance',90505),(5,'Te','Houston',77060),(6,'Ne','New York City',10165),(7,'Ka','Topeka',66611),(8,'Vi','Springfield',22156),(9,'Te','Houston',77080),(10,'Fl','Boynton Beach',33436),(11,'Co','Waterbury',6705),(12,'Ge','Savannah',31405),(13,'Ca','Pasadena',91109),(14,'Vi','Roanoke',24024),(15,'Ok','Oklahoma City',73135),(16,'Di','Washington',20580),(17,'Te','Houston',77266),(18,'Ca','Orange',92668),(19,'Pe','Pittsburgh',15235),(20,'Mi','Detroit',48217),(21,'Pe','Pittsburgh',15286),(22,'Te','Tyler',75705),(23,'Ca','Bakersfield',93386),(24,'Ca','San Jose',95155),(25,'Oh','Cincinnati',45264),(26,'Te','Corpus Christi',78410),(27,'Te','Amarillo',79165),(28,'Ca','Oakland',94616),(29,'Wa','Tacoma',98417),(30,'Fl','Tampa',33633),(31,'Ne','Jersey City',7305),(32,'Di','Washington',20231),(33,'Mi','Grand Rapids',49510),(34,'Lo','Baton Rouge',70810),(35,'Vi','Roanoke',24048),(36,'Fl','Vero Beach',32964),(37,'Ge','Gainesville',30506),(38,'Mi','Hattiesburg',39404),(39,'Ca','San Jose',95123),(40,'Ok','Oklahoma City',73197),(41,'Ne','Henderson',89012),(42,'Ne','New York City',10045),(43,'Te','Denton',76205),(44,'Te','El Paso',88558),(45,'Wi','Milwaukee',53225),(46,'Ca','Sacramento',94273),(47,'Fl','West Palm Beach',33405),(48,'Te','Houston',77201),(49,'Ge','Augusta',30911),(50,'Ca','Los Angeles',90087);
/*!40000 ALTER TABLE `GeneralLocation` ENABLE KEYS */;
UNLOCK TABLES;

--
-- Table structure for table `GroupEvent`
--

DROP TABLE IF EXISTS `GroupEvent`;
/*!40101 SET @saved_cs_client     = @@character_set_client */;
/*!40101 SET character_set_client = utf8 */;
CREATE TABLE `GroupEvent` (
  `ID` int(11) NOT NULL,
  `CreatorID` int(11) NOT NULL,
  PRIMARY KEY (`ID`),
  KEY `GroupEvent_CreatorID_FK` (`CreatorID`),
  CONSTRAINT `GroupEvent_CreatorID_FK` FOREIGN KEY (`CreatorID`) REFERENCES `Groups` (`ID`),
  CONSTRAINT `GroupEvent_ID_FK` FOREIGN KEY (`ID`) REFERENCES `Event` (`ID`)
) ENGINE=InnoDB DEFAULT CHARSET=latin1;
/*!40101 SET character_set_client = @saved_cs_client */;

--
-- Dumping data for table `GroupEvent`
--

LOCK TABLES `GroupEvent` WRITE;
/*!40000 ALTER TABLE `GroupEvent` DISABLE KEYS */;
INSERT INTO `GroupEvent` VALUES (13,1),(19,1),(24,1),(9,2),(21,2),(25,2),(17,3),(23,6),(2,7),(8,7),(11,7),(14,7),(20,7),(4,9),(6,9),(10,9),(15,9),(18,9),(22,9),(1,10),(5,10),(7,10),(16,10);
/*!40000 ALTER TABLE `GroupEvent` ENABLE KEYS */;
UNLOCK TABLES;

--
-- Table structure for table `Groups`
--

DROP TABLE IF EXISTS `Groups`;
/*!40101 SET @saved_cs_client     = @@character_set_client */;
/*!40101 SET character_set_client = utf8 */;
CREATE TABLE `Groups` (
  `ID` int(11) NOT NULL AUTO_INCREMENT,
  `GroupName` varchar(50) NOT NULL,
  `CreatorID` int(11) NOT NULL,
  PRIMARY KEY (`ID`),
  UNIQUE KEY `Groups_GroupName_U` (`GroupName`),
  KEY `Groups_CreatorID_FK` (`CreatorID`),
  CONSTRAINT `Groups_CreatorID_FK` FOREIGN KEY (`CreatorID`) REFERENCES `Individual` (`ID`)
) ENGINE=InnoDB AUTO_INCREMENT=11 DEFAULT CHARSET=latin1;
/*!40101 SET character_set_client = @saved_cs_client */;

--
-- Dumping data for table `Groups`
--

LOCK TABLES `Groups` WRITE;
/*!40000 ALTER TABLE `Groups` DISABLE KEYS */;
INSERT INTO `Groups` VALUES (1,'Overhold',21),(2,'Stim',5),(3,'Gembucket',8),(4,'Duobam',33),(5,'Voyatouch',24),(6,'Treeflex',38),(7,'Andalax',20),(9,'Ventosanzap',11),(10,'Sonsing',37);
/*!40000 ALTER TABLE `Groups` ENABLE KEYS */;
UNLOCK TABLES;

--
-- Table structure for table `HasSkill`
--

DROP TABLE IF EXISTS `HasSkill`;
/*!40101 SET @saved_cs_client     = @@character_set_client */;
/*!40101 SET character_set_client = utf8 */;
CREATE TABLE `HasSkill` (
  `IndividualID` int(11) NOT NULL,
  `SkillID` int(11) NOT NULL,
  PRIMARY KEY (`IndividualID`,`SkillID`),
  KEY `HasSkill_SkillID_FK` (`SkillID`),
  CONSTRAINT `HasSkill_IndividualID_FK` FOREIGN KEY (`IndividualID`) REFERENCES `Individual` (`ID`),
  CONSTRAINT `HasSkill_SkillID_FK` FOREIGN KEY (`SkillID`) REFERENCES `Skills` (`ID`)
) ENGINE=InnoDB DEFAULT CHARSET=latin1;
/*!40101 SET character_set_client = @saved_cs_client */;

--
-- Dumping data for table `HasSkill`
--

LOCK TABLES `HasSkill` WRITE;
/*!40000 ALTER TABLE `HasSkill` DISABLE KEYS */;
INSERT INTO `HasSkill` VALUES (1,1),(1,3),(1,4),(1,6),(1,9),(2,1),(2,7),(2,9),(2,10),(3,1),(3,6),(3,8),(4,2),(4,9),(4,10),(5,2),(5,10),(6,2),(6,9),(7,1),(7,2),(7,9),(8,4),(8,7),(9,2),(9,5),(10,5),(10,6),(10,8),(11,1),(11,6),(12,3),(12,9),(12,10),(13,3),(13,6),(13,7),(13,10),(14,1),(14,2),(14,7),(14,10),(15,1),(15,5),(15,6),(15,7),(15,8),(15,9),(16,6),(16,8),(17,1),(17,7),(17,10),(18,1),(18,2),(18,3),(18,7),(19,3),(19,4),(19,5),(19,6),(20,3),(20,10),(21,2),(21,6),(21,7),(22,2),(22,3),(22,8),(23,1),(23,7),(23,9),(23,10),(24,1),(24,3),(24,6),(24,10),(25,1),(25,4),(25,5),(25,10),(26,3),(27,1),(27,8),(27,10),(28,1),(28,4),(28,5),(28,9),(29,1),(29,2),(29,4),(29,8),(30,7),(31,2),(32,7),(32,10),(33,1),(33,2),(33,3),(34,2),(34,3),(34,5),(34,7),(34,8),(35,2),(35,4),(35,6),(35,7),(36,1),(36,3),(36,4),(36,5),(36,9),(37,3),(37,6),(38,1),(38,2),(38,3),(38,7),(38,10),(39,1),(39,4),(39,6),(39,9),(40,1),(40,2),(40,4),(40,5),(40,10),(41,2),(41,3),(41,7),(41,9),(42,5),(43,1),(43,3),(43,7),(43,8),(44,1),(44,3),(44,6),(44,10),(45,2),(45,4),(45,6),(45,9),(46,2),(46,5),(47,2),(47,7),(47,9),(47,10),(48,3),(48,5),(48,9),(48,10),(49,5),(49,6),(50,2),(50,6),(50,7);
/*!40000 ALTER TABLE `HasSkill` ENABLE KEYS */;
UNLOCK TABLES;

--
-- Table structure for table `InGroup`
--

DROP TABLE IF EXISTS `InGroup`;
/*!40101 SET @saved_cs_client     = @@character_set_client */;
/*!40101 SET character_set_client = utf8 */;
CREATE TABLE `InGroup` (
  `IndividualID` int(11) NOT NULL,
  `GroupID` int(11) NOT NULL,
  PRIMARY KEY (`IndividualID`,`GroupID`),
  KEY `InGroup_GroupID_FK` (`GroupID`),
  CONSTRAINT `InGroup_GroupID_FK` FOREIGN KEY (`GroupID`) REFERENCES `Groups` (`ID`),
  CONSTRAINT `InGroup_IndividualID_FK` FOREIGN KEY (`IndividualID`) REFERENCES `Individual` (`ID`)
) ENGINE=InnoDB DEFAULT CHARSET=latin1;
/*!40101 SET character_set_client = @saved_cs_client */;

--
-- Dumping data for table `InGroup`
--

LOCK TABLES `InGroup` WRITE;
/*!40000 ALTER TABLE `InGroup` DISABLE KEYS */;
INSERT INTO `InGroup` VALUES (1,6),(1,10),(2,9),(5,3),(9,3),(13,6),(15,10),(16,1),(18,2),(20,10),(23,10),(24,1),(31,4),(34,5),(35,1),(37,1),(38,1),(38,2),(38,6),(40,2),(41,5),(41,6),(44,7),(49,4);
/*!40000 ALTER TABLE `InGroup` ENABLE KEYS */;
UNLOCK TABLES;

--
-- Table structure for table `Individual`
--

DROP TABLE IF EXISTS `Individual`;
/*!40101 SET @saved_cs_client     = @@character_set_client */;
/*!40101 SET character_set_client = utf8 */;
CREATE TABLE `Individual` (
  `ID` int(11) NOT NULL AUTO_INCREMENT,
  `DisplayName` varchar(50) NOT NULL,
  `Email` varchar(100) NOT NULL,
  `Phone` int(11) DEFAULT NULL,
  `LocationID` int(11) DEFAULT NULL,
  PRIMARY KEY (`ID`),
  UNIQUE KEY `Individual_DisplayName_U` (`DisplayName`),
  UNIQUE KEY `Individual_Email_U` (`Email`),
  KEY `Individual_LocationID_FK` (`LocationID`),
  CONSTRAINT `Individual_LocationID_FK` FOREIGN KEY (`LocationID`) REFERENCES `GeneralLocation` (`ID`)
) ENGINE=InnoDB AUTO_INCREMENT=170 DEFAULT CHARSET=latin1;
/*!40101 SET character_set_client = @saved_cs_client */;

--
-- Dumping data for table `Individual`
--

LOCK TABLES `Individual` WRITE;
/*!40000 ALTER TABLE `Individual` DISABLE KEYS */;
INSERT INTO `Individual` VALUES (1,'bheimann0','rphilipps0@indiegogo.com',2147483647,1),(2,'rrobard1','cehlerding1@mail.ru',2147483647,2),(3,'hhosby2','nsoppit2@symantec.com',2147483647,3),(4,'lnelles3','rtorns3@ocn.ne.jp',1612064920,4),(5,'ccampanelli4','domullan4@trellian.com',2147483647,5),(6,'frowney5','abellas5@trellian.com',2147483647,6),(7,'prenyard6','jmicah6@sciencedaily.com',2147483647,7),(8,'rpicknett7','hhacard7@moonfruit.com',2001338564,8),(9,'dmayfield8','ybrierley8@wired.com',1101143001,9),(10,'mcypler9','zmccard9@cbc.ca',2147483647,10),(11,'clangfata','jhannanta@sogou.com',1248246880,11),(12,'ychessillb','pbettingtonb@reuters.com',2001597600,12),(13,'akinneyc','kriccic@prlog.org',2147483647,13),(14,'jhaigd','kscrined@php.net',2147483647,14),(15,'trattenburye','fsaladine@amazon.co.uk',1427763319,15),(16,'hattewf','mwalentynowiczf@booking.com',2147483647,16),(17,'sshierg','mlibrerosg@discuz.net',2147483647,17),(18,'cselfh','dbrackleyh@ox.ac.uk',2026608492,18),(19,'cfreeburyi','cbraunthali@wiley.com',2147483647,19),(20,'rsigartj','sgeardj@bbb.org',1061995379,20),(21,'fgarnhamk','mgrelkak@mediafire.com',2147483647,21),(22,'lmathyl','epotburyl@nasa.gov',2147483647,22),(23,'pguyonnetm','aogbornm@rambler.ru',2147483647,23),(24,'hstrandn','jchevinsn@indiatimes.com',2147483647,24),(25,'cferrottio','fmanasso@businessinsider.com',2039867137,25),(26,'scansdellp','kmaidesp@flavors.me',2147483647,26),(27,'ffawloeq','cblondelq@ucoz.com',2147483647,27),(28,'gianninir','rlargenr@ifeng.com',2147483647,28),(29,'lmelwalls','tbunfords@disqus.com',2147483647,29),(30,'aivanetst','upridittt@merriam-webster.com',2147483647,30),(31,'mgeorgievskiu','mpinnocku@admin.ch',2147483647,31),(32,'clewsamv','wtollerfieldv@themeforest.net',2147483647,32),(33,'cmeakinw','tneaversonw@walmart.com',1752877414,33),(34,'clambdonx','pcoastx@nytimes.com',2147483647,34),(35,'mlurcocky','nbugdally@nhs.uk',2147483647,35),(36,'flabesz','kpreshoz@techcrunch.com',2147483647,36),(37,'fbellany10','wmccreery10@csmonitor.com',2147483647,37),(38,'tsteinor11','rbloore11@netvibes.com',1419600771,38),(39,'ovillalta12','lkubacek12@ocn.ne.jp',2147483647,39),(40,'mstranks13','hhudel13@economist.com',2147483647,40),(41,'aconnett14','hagass14@mail.ru',2147483647,41),(42,'hguinery15','ccolthard15@telegraph.co.uk',2147483647,42),(43,'kvanderkruijs16','ccharnock16@clickbank.net',2147483647,43),(44,'rleveritt17','eputtrell17@livejournal.com',2147483647,44),(45,'msandland18','ngartan18@stumbleupon.com',2147483647,45),(46,'hshapter19','bholtham19@fda.gov',2147483647,46),(47,'nbernolet1a','bhenniger1a@nps.gov',1503131463,47),(48,'dluxton1b','afourman1b@netlog.com',1486158775,48),(49,'abenford1c','ymolan1c@loc.gov',2147483647,49),(50,'mblewmen1d','eflacke1d@squidoo.com',2147483647,50);
/*!40000 ALTER TABLE `Individual` ENABLE KEYS */;
UNLOCK TABLES;

--
-- Table structure for table `IndividualEvent`
--

DROP TABLE IF EXISTS `IndividualEvent`;
/*!40101 SET @saved_cs_client     = @@character_set_client */;
/*!40101 SET character_set_client = utf8 */;
CREATE TABLE `IndividualEvent` (
  `ID` int(11) NOT NULL,
  `CreatorID` int(11) NOT NULL,
  PRIMARY KEY (`ID`),
  KEY `IndividualEvent_CreatorID_FK` (`CreatorID`),
  CONSTRAINT `IndividualEvent_CreatorID_FK` FOREIGN KEY (`CreatorID`) REFERENCES `Individual` (`ID`),
  CONSTRAINT `IndividualEvent_ID_FK` FOREIGN KEY (`ID`) REFERENCES `Event` (`ID`)
) ENGINE=InnoDB DEFAULT CHARSET=latin1;
/*!40101 SET character_set_client = @saved_cs_client */;

--
-- Dumping data for table `IndividualEvent`
--

LOCK TABLES `IndividualEvent` WRITE;
/*!40000 ALTER TABLE `IndividualEvent` DISABLE KEYS */;
INSERT INTO `IndividualEvent` VALUES (1,1),(2,2),(3,3),(4,4),(5,5),(6,6),(7,7),(8,8),(9,9),(10,10),(11,11),(12,12),(13,13),(14,14),(15,15),(16,16),(17,17),(18,18),(19,19),(20,20),(21,21),(22,22),(23,23),(24,24),(25,25);
/*!40000 ALTER TABLE `IndividualEvent` ENABLE KEYS */;
UNLOCK TABLES;

--
-- Table structure for table `Location`
--

DROP TABLE IF EXISTS `Location`;
/*!40101 SET @saved_cs_client     = @@character_set_client */;
/*!40101 SET character_set_client = utf8 */;
CREATE TABLE `Location` (
  `ID` int(11) NOT NULL AUTO_INCREMENT,
  `Address` varchar(50) NOT NULL,
  `City` varchar(50) NOT NULL,
  `State` varchar(2) NOT NULL,
  `ZipCode` int(11) NOT NULL,
  `Latitude` double NOT NULL,
  `Longitude` double NOT NULL,
  PRIMARY KEY (`ID`)
) ENGINE=InnoDB AUTO_INCREMENT=151 DEFAULT CHARSET=latin1;
/*!40101 SET character_set_client = @saved_cs_client */;

--
-- Dumping data for table `Location`
--

LOCK TABLES `Location` WRITE;
/*!40000 ALTER TABLE `Location` DISABLE KEYS */;
INSERT INTO `Location` VALUES (1,'8070 Redwing Road','Carson City','Ne',89714,39.1678,-119.7764),(2,'5 Dexter Way','Little Rock','Ar',72204,34.7269,-92.344),(3,'54 Lake View Center','Roanoke','Vi',24004,37.2742,-79.9579),(4,'1501 Jana Road','Atlanta','Ge',30392,33.8444,-84.474),(5,'74290 Lerdahl Circle','Orlando','Fl',32835,28.5289,-81.4787),(6,'27942 Carey Road','Mobile','Al',36622,30.6589,-88.178),(7,'68 Hanover Parkway','Sacramento','Ca',94286,38.3774,-121.4444),(8,'8932 Vera Street','Fresno','Ca',93750,36.7464,-119.6397),(9,'29830 Melody Lane','Colorado Springs','Co',80935,38.8247,-104.562),(10,'6 East Street','Pittsburgh','Pe',15274,40.4344,-80.0248),(11,'0 Melrose Drive','Trenton','Ne',8619,40.2418,-74.6962),(12,'745 Oakridge Avenue','Hollywood','Fl',33028,26.0185,-80.3449),(13,'119 Crest Line Alley','Milwaukee','Wi',53215,43.006,-87.9429),(14,'379 Doe Crossing Park','Gatesville','Te',76598,31.3902,-97.7993),(15,'871 Bluejay Lane','Dearborn','Mi',48126,42.3349,-83.1801),(16,'1855 Old Gate Point','Reno','Ne',89519,39.4814,-119.8591),(17,'52676 Merrick Pass','Oakland','Ca',94616,37.8044,-122.2698),(18,'898 Sherman Alley','Kansas City','Mi',64125,39.1042,-94.4923),(19,'2361 Kennedy Terrace','Evansville','In',47747,37.9971,-87.575),(20,'71665 Kinsman Park','Tacoma','Wa',98481,47.0662,-122.1132),(21,'4534 Hansons Point','Portland','Or',97240,45.5806,-122.3748),(22,'627 Redwing Parkway','Buffalo','Ne',14210,42.8614,-78.8206),(23,'0 Michigan Plaza','Austin','Te',78715,30.4501,-97.4865),(24,'071 Talisman Avenue','Waterloo','Io',50706,42.4156,-92.2703),(25,'577 Stone Corner Terrace','Washington','Di',20022,38.945,-77.0364),(26,'138 Rockefeller Pass','Corpus Christi','Te',78415,27.7262,-97.4078),(27,'86 Sunfield Road','Washington','Di',20525,38.8933,-77.0146),(28,'1 Anniversary Alley','Jacksonville','Fl',32230,30.3449,-81.6831),(29,'9 Orin Street','Louisville','Ke',40205,38.2222,-85.6885),(30,'036 Oriole Lane','Pittsburgh','Pe',15279,40.4344,-80.0248),(31,'682 Buell Road','Brooklyn','Ne',11205,40.6924,-73.9666),(32,'30828 4th Plaza','Fresno','Ca',93726,36.7949,-119.7604),(33,'04 Hayes Court','Virginia Beach','Vi',23454,36.8282,-76.0237),(34,'90386 Crescent Oaks Court','Riverside','Ca',92519,33.7529,-116.0556),(35,'9250 Melvin Alley','New Orleans','Lo',70116,29.9686,-90.0646),(36,'49885 Bobwhite Lane','Des Moines','Io',50320,41.5487,-93.5827),(37,'758 Marcy Pass','Roanoke','Vi',24014,37.2327,-79.9463),(38,'4 Sullivan Avenue','Miami','Fl',33190,25.5593,-80.3483),(39,'75154 Anzinger Trail','Shreveport','Lo',71115,32.3401,-93.6092),(40,'87750 Corben Crossing','Nashville','Te',37250,36.1866,-86.7852),(41,'7 Amoth Junction','Plano','Te',75074,33.0277,-96.6777),(42,'6345 Vahlen Point','San Bernardino','Ca',92424,34.84,-115.9671),(43,'20 Waxwing Crossing','Fairbanks','Al',99709,64.8544,-147.8469),(44,'162 Service Center','New Orleans','Lo',70183,29.6779,-90.0901),(45,'17 Sauthoff Plaza','Shawnee Mission','Ka',66276,38.8999,-94.832),(46,'59687 Mallard Place','Houston','Te',77201,29.834,-95.4342),(47,'03395 Kinsman Avenue','Charlotte','No',28235,35.26,-80.8042),(48,'5092 Truax Crossing','Washington','Di',56944,38.8952,-77.0365),(49,'353 Bobwhite Center','Anaheim','Ca',92812,33.817,-117.9286),(50,'12235 Lighthouse Bay Court','Minneapolis','Mi',55487,45.0159,-93.4719),(51,'72 Northport Point','Carol Stream','Il',60351,41.9166,-88.1208),(52,'939 Sunfield Avenue','Huntington','We',25711,38.4134,-82.2774),(53,'98038 Ridge Oak Alley','Temple','Te',76505,31.0363,-97.492),(54,'90031 Troy Lane','Gadsden','Al',35905,33.9352,-85.9576),(55,'6477 Sunnyside Avenue','Salt Lake City','Ut',84110,40.6681,-111.9083),(56,'45541 Leroy Plaza','Orlando','Fl',32859,28.4429,-81.4026),(57,'1125 Stoughton Court','Houston','Te',77015,29.7853,-95.1852),(58,'8870 Melrose Hill','San Francisco','Ca',94154,37.7848,-122.7278),(59,'78682 Tennyson Pass','Salt Lake City','Ut',84115,40.7145,-111.8931),(60,'77765 Hanover Alley','Jersey City','Ne',7310,40.7324,-74.0431),(61,'2756 Bunting Center','Houston','Te',77223,29.834,-95.4342),(62,'528 Oakridge Terrace','Oakland','Ca',94627,37.6802,-121.9215),(63,'25 Loeprich Terrace','Erie','Pe',16505,42.1109,-80.1534),(64,'05 Longview Terrace','Orlando','Fl',32808,28.5803,-81.4396),(65,'35604 Bunker Hill Way','Pompano Beach','Fl',33069,26.2288,-80.1635),(66,'39 Caliangt Center','Erie','Pe',16505,42.1109,-80.1534),(67,'7918 Melby Lane','Fort Lauderdale','Fl',33355,26.1457,-80.4483),(68,'0 Eggendart Place','Chicago','Il',60663,41.8119,-87.6873),(69,'65008 Walton Trail','Albany','Ne',12255,42.6149,-73.9708),(70,'6632 Mariners Cove Place','Nashville','Te',37250,36.1866,-86.7852),(71,'1 Sommers Plaza','Lawrenceville','Ge',30245,33.9464,-83.9912),(72,'42526 Anhalt Center','Pittsburgh','Pe',15255,40.4344,-80.0248),(73,'8 Crowley Junction','Denver','Co',80209,39.7074,-104.9686),(74,'5601 Nevada Trail','Amarillo','Te',79159,35.216,-102.0714),(75,'16848 Scott Drive','Washington','Di',20036,38.9087,-77.0414),(76,'28722 Golf View Way','Salt Lake City','Ut',84199,40.7259,-111.9394),(77,'4212 Columbus Center','Worcester','Ma',1605,42.2894,-71.7888),(78,'9 Center Park','Hattiesburg','Mi',39404,31.1721,-89.2948),(79,'7285 Londonderry Lane','Jamaica','Ne',11436,40.6763,-73.7966),(80,'16 Tony Circle','Bronx','Ne',10454,40.8085,-73.9198),(81,'34 Oak Road','Austin','Te',78764,30.4455,-97.6595),(82,'2221 Upham Alley','Springfield','Il',62711,39.7655,-89.7293),(83,'057 Northridge Pass','Buffalo','Ne',14263,42.7684,-78.8871),(84,'71601 North Junction','Maple Plain','Mi',55572,45.0159,-93.4719),(85,'51281 Rusk Way','Lakewood','Wa',98498,47.1591,-122.5485),(86,'8439 Steensland Circle','South Bend','In',46699,41.5968,-86.293),(87,'81 3rd Pass','San Francisco','Ca',94116,37.7441,-122.4863),(88,'61 Bellgrove Court','Norfolk','Vi',23520,36.9312,-76.2397),(89,'70 Sunnyside Drive','Harrisburg','Pe',17121,40.2944,-76.8938),(90,'18 Morning Way','Pompano Beach','Fl',33069,26.2288,-80.1635),(91,'557 Springs Court','Wichita','Ka',67260,37.7194,-97.2936),(92,'056 Anderson Alley','Tacoma','Wa',98405,47.2484,-122.4644),(93,'4 Carey Alley','Lancaster','Ca',93584,33.7866,-118.2987),(94,'43 Cardinal Avenue','Albuquerque','Ne',87115,35.0549,-106.5461),(95,'1 Del Sol Place','Huntington','We',25716,38.4134,-82.2774),(96,'5 Ridgeview Plaza','Wilmington','De',19810,39.8188,-75.5064),(97,'5 High Crossing Circle','Nashville','Te',37235,36.1866,-86.7852),(98,'01613 John Wall Court','Hartford','Co',6105,41.7691,-72.701),(99,'8 Prairie Rose Avenue','Corpus Christi','Te',78475,27.777,-97.4632),(100,'9 Old Gate Alley','Hayward','Ca',94544,37.6374,-122.067),(101,'73246 4th Drive','Madison','Wi',53716,43.0631,-89.3133),(102,'3078 Sheridan Hill','Littleton','Co',80127,39.592,-105.1328),(103,'8 Evergreen Circle','Nashville','Te',37215,36.0986,-86.8219),(104,'28 Blaine Court','Seattle','Wa',98148,47.4441,-122.3249),(105,'390 Mifflin Pass','New Haven','Co',6505,41.3057,-72.7799),(106,'8 Bunting Center','Saint Louis','Mi',63126,38.5495,-90.3811),(107,'12944 Jackson Point','Washington','Di',56944,38.8952,-77.0365),(108,'9774 Miller Junction','Mansfield','Oh',44905,40.7779,-82.4613),(109,'15475 Stang Crossing','Springfield','Il',62723,39.7495,-89.606),(110,'39659 Vidon Center','Winston Salem','No',27105,36.144,-80.2376),(111,'612 Dunning Trail','Anderson','In',46015,40.0938,-85.6578),(112,'17105 Jenifer Terrace','Austin','Te',78769,30.3264,-97.7713),(113,'178 Valley Edge Place','Lynchburg','Vi',24503,37.4376,-79.205),(114,'09765 3rd Place','Saint Paul','Mi',55115,45.071,-92.9391),(115,'97616 Granby Trail','Waterbury','Co',6721,41.3657,-72.9275),(116,'38690 Longview Hill','Metairie','Lo',70033,29.6779,-90.0901),(117,'9 Eastwood Point','Independence','Mi',64054,39.11,-94.4401),(118,'774 Old Gate Place','Moreno Valley','Ca',92555,33.9377,-117.1851),(119,'2521 Fremont Point','Huntington','We',25726,38.4134,-82.2774),(120,'7911 Loftsgordon Way','Palm Bay','Fl',32909,27.9694,-80.6473),(121,'08 East Crossing','Las Vegas','Ne',89110,36.173,-115.0669),(122,'28009 Mayer Court','Glendale','Ar',85305,33.5291,-112.2482),(123,'45096 Evergreen Alley','Tacoma','Wa',98405,47.2484,-122.4644),(124,'695 Londonderry Junction','Chicago','Il',60604,41.8784,-87.633),(125,'4689 Golden Leaf Avenue','Houston','Te',77015,29.7853,-95.1852),(126,'95764 Mesta Plaza','Peoria','Il',61605,40.6775,-89.6263),(127,'97665 Reinke Place','Paterson','Ne',7505,40.9166,-74.174),(128,'28600 Lakewood Trail','Tucson','Ar',85715,32.2519,-110.82),(129,'71 Kropf Terrace','Des Moines','Io',50320,41.5487,-93.5827),(130,'0 Susan Drive','Rochester','Mi',55905,44.0225,-92.4668),(131,'99 Meadow Valley Terrace','Worcester','Ma',1610,42.2492,-71.8108),(132,'4694 Doe Crossing Alley','Jacksonville','Fl',32255,30.287,-81.3893),(133,'598 Springview Drive','Oklahoma City','Ok',73135,35.411,-97.4388),(134,'67 Moland Road','Knoxville','Te',37939,35.9901,-83.9622),(135,'286 Forest Dale Pass','Seattle','Wa',98104,47.6036,-122.3256),(136,'4122 Buena Vista Hill','Sterling','Vi',20167,39.0853,-77.6452),(137,'7797 Cambridge Lane','El Paso','Te',79916,31.7444,-106.2879),(138,'0888 Lukken Lane','Gainesville','Ge',30506,34.3562,-83.8882),(139,'236 Maryland Court','Youngstown','Oh',44511,41.0704,-80.6931),(140,'7 Kinsman Avenue','Lexington','Ke',40576,38.0283,-84.4715),(141,'82368 Dovetail Hill','Fort Worth','Te',76105,32.7233,-97.269),(142,'26272 Hagan Drive','San Diego','Ca',92191,33.0169,-116.846),(143,'98485 Esker Park','Las Vegas','Ne',89145,36.1693,-115.2828),(144,'8268 Blue Bill Park Point','Charleston','We',25356,38.2968,-81.5547),(145,'0 Milwaukee Junction','Indianapolis','In',46266,39.7795,-86.1328),(146,'55547 Welch Alley','Kansas City','Ka',66160,39.0966,-94.7495),(147,'71 Warrior Alley','Charleston','We',25331,38.2968,-81.5547),(148,'5931 Sycamore Terrace','Tampa','Fl',33647,28.1147,-82.3678),(149,'8 Independence Parkway','Arlington','Te',76004,32.7714,-97.2915),(150,'41506 Crownhardt Trail','Buffalo','Ne',14233,42.7684,-78.8871);
/*!40000 ALTER TABLE `Location` ENABLE KEYS */;
UNLOCK TABLES;

--
-- Table structure for table `NonProfit`
--

DROP TABLE IF EXISTS `NonProfit`;
/*!40101 SET @saved_cs_client     = @@character_set_client */;
/*!40101 SET character_set_client = utf8 */;
CREATE TABLE `NonProfit` (
  `ID` int(11) NOT NULL AUTO_INCREMENT,
  `NonProfitName` varchar(50) NOT NULL,
  `Description` varchar(200) DEFAULT NULL,
  `Summary` text,
  `LocationID` int(11) DEFAULT NULL,
  PRIMARY KEY (`ID`),
  UNIQUE KEY `NonProfit_NonProfitName_U` (`NonProfitName`),
  KEY `NonProfit_LocationID_FK` (`LocationID`),
  CONSTRAINT `NonProfit_LocationID_FK` FOREIGN KEY (`LocationID`) REFERENCES `Location` (`ID`)
) ENGINE=InnoDB AUTO_INCREMENT=51 DEFAULT CHARSET=latin1;
/*!40101 SET character_set_client = @saved_cs_client */;

--
-- Dumping data for table `NonProfit`
--

LOCK TABLES `NonProfit` WRITE;
/*!40000 ALTER TABLE `NonProfit` DISABLE KEYS */;
INSERT INTO `NonProfit` VALUES (1,'jbonnick0','Curabitur at ipsum ac tellus semper interdum. Mauris ullamcorper purus sit amet nulla. Quisque arcu libero, rutrum ac, lobortis vel, dapibus at, diam.','ligula sit amet eleifend pede libero quis orci nullam molestie nibh in lectus pellentesque at nulla suspendisse potenti cras in purus eu magna vulputate luctus cum sociis natoque penatibus et magnis dis parturient montes nascetur ridiculus mus vivamus vestibulum sagittis sapien cum sociis natoque penatibus et magnis dis parturient montes nascetur ridiculus mus etiam vel augue vestibulum rutrum rutrum neque aenean auctor gravida sem praesent id massa id nisl venenatis lacinia aenean sit amet justo morbi ut odio cras mi pede malesuada in imperdiet et commodo vulputate justo in blandit ultrices enim lorem ipsum dolor sit amet consectetuer adipiscing elit proin interdum mauris non ligula pellentesque',1),(2,'pchown1','Maecenas leo odio, condimentum id, luctus nec, molestie sed, justo. Pellentesque viverra pede ac diam. Cras pellentesque volutpat dui.\n\nMaecenas tristique, est et tempus semper, est quam pharetra magn','blandit ultrices enim lorem ipsum dolor sit amet consectetuer adipiscing elit proin interdum mauris non ligula pellentesque ultrices phasellus id sapien in sapien iaculis congue vivamus metus arcu adipiscing molestie hendrerit at vulputate vitae nisl aenean lectus pellentesque eget nunc donec quis orci eget orci vehicula condimentum curabitur in libero ut massa volutpat convallis morbi odio odio elementum eu interdum eu tincidunt in leo maecenas pulvinar lobortis est phasellus sit amet erat nulla tempus vivamus in felis eu sapien cursus vestibulum proin eu mi nulla ac enim in tempor turpis nec euismod scelerisque quam turpis adipiscing lorem vitae mattis nibh ligula nec sem duis aliquam convallis nunc proin at turpis',2),(3,'vgunthorpe2','Maecenas ut massa quis augue luctus tincidunt. Nulla mollis molestie lorem. Quisque ut erat.\n\nCurabitur gravida nisi at nibh. In hac habitasse platea dictumst. Aliquam augue quam, sollicitudin vitae, ','convallis morbi odio odio elementum eu interdum eu tincidunt in leo maecenas pulvinar lobortis est phasellus sit amet erat nulla tempus vivamus in felis eu sapien cursus vestibulum proin eu mi nulla ac enim in tempor turpis nec euismod scelerisque quam turpis adipiscing lorem vitae mattis nibh ligula nec sem duis aliquam convallis nunc proin at turpis a pede posuere nonummy integer non velit donec diam neque vestibulum eget vulputate ut ultrices vel augue vestibulum ante ipsum primis in faucibus orci luctus et ultrices posuere cubilia curae donec pharetra magna vestibulum aliquet ultrices erat tortor sollicitudin mi sit amet lobortis sapien sapien non mi integer ac neque duis bibendum morbi non quam nec dui luctus rutrum nulla tellus in sagittis dui vel nisl duis ac nibh fusce lacus purus aliquet at feugiat non pretium quis lectus suspendisse potenti in eleifend',3),(4,'vkorn3','Aenean lectus. Pellentesque eget nunc. Donec quis orci eget orci vehicula condimentum.\n\nCurabitur in libero ut massa volutpat convallis. Morbi odio odio, elementum eu, interdum eu, tincidunt in, leo. ','aliquet pulvinar sed nisl nunc rhoncus dui vel sem sed sagittis nam congue risus semper porta volutpat quam pede lobortis ligula sit amet eleifend pede libero quis orci nullam molestie nibh in lectus pellentesque at nulla suspendisse potenti cras in purus eu magna vulputate luctus cum sociis natoque penatibus et magnis dis parturient montes nascetur ridiculus mus vivamus vestibulum sagittis sapien cum sociis natoque penatibus et magnis dis parturient montes nascetur ridiculus mus etiam vel augue vestibulum rutrum rutrum neque aenean auctor gravida sem praesent id massa id nisl venenatis lacinia aenean sit amet justo morbi ut odio cras mi pede malesuada in imperdiet',4),(5,'lhague4','Fusce consequat. Nulla nisl. Nunc nisl.','cubilia curae donec pharetra magna vestibulum aliquet ultrices erat tortor sollicitudin mi sit amet lobortis sapien sapien non mi integer ac neque duis bibendum morbi non quam nec dui luctus rutrum nulla tellus in sagittis dui vel nisl duis ac nibh fusce lacus purus aliquet at feugiat non pretium quis lectus suspendisse potenti in eleifend quam a odio in hac habitasse platea dictumst maecenas ut massa quis augue luctus tincidunt nulla mollis molestie lorem quisque ut erat curabitur gravida nisi at nibh in hac habitasse platea dictumst aliquam augue quam sollicitudin vitae consectetuer eget rutrum at lorem integer tincidunt ante vel',5),(6,'ebenes5','Maecenas tristique, est et tempus semper, est quam pharetra magna, ac consequat metus sapien ut nunc. Vestibulum ante ipsum primis in faucibus orci luctus et ultrices posuere cubilia Curae; Mauris viv','vitae mattis nibh ligula nec sem duis aliquam convallis nunc proin at turpis a pede posuere nonummy integer non velit donec diam neque vestibulum eget vulputate ut ultrices vel augue vestibulum ante ipsum primis in faucibus orci luctus et ultrices posuere cubilia curae donec pharetra magna vestibulum aliquet ultrices erat tortor sollicitudin mi sit amet lobortis sapien sapien non mi integer ac neque duis bibendum morbi non quam nec dui luctus rutrum nulla tellus in sagittis dui vel nisl duis ac nibh fusce lacus purus aliquet at feugiat non pretium quis lectus suspendisse potenti in eleifend quam a odio in hac habitasse platea dictumst maecenas ut massa quis augue luctus tincidunt',6),(7,'elackie6','Etiam vel augue. Vestibulum rutrum rutrum neque. Aenean auctor gravida sem.\n\nPraesent id massa id nisl venenatis lacinia. Aenean sit amet justo. Morbi ut odio.\n\nCras mi pede, malesuada in, imperdiet e','mi pede malesuada in imperdiet et commodo vulputate justo in blandit ultrices enim lorem ipsum dolor sit amet consectetuer adipiscing elit proin interdum mauris non ligula pellentesque ultrices phasellus id sapien in sapien iaculis congue vivamus metus arcu adipiscing molestie hendrerit at vulputate vitae nisl aenean lectus pellentesque eget nunc donec quis orci eget orci vehicula condimentum curabitur in libero ut massa volutpat convallis morbi odio odio elementum eu interdum eu tincidunt in leo maecenas pulvinar lobortis est phasellus sit amet erat nulla tempus vivamus in felis eu sapien cursus vestibulum proin eu mi nulla ac enim in tempor turpis nec euismod scelerisque quam turpis adipiscing lorem vitae mattis nibh ligula nec sem duis aliquam convallis nunc',7),(8,'enorthall7','In hac habitasse platea dictumst. Morbi vestibulum, velit id pretium iaculis, diam erat fermentum justo, nec condimentum neque sapien placerat ante. Nulla justo.','semper est quam pharetra magna ac consequat metus sapien ut nunc vestibulum ante ipsum primis in faucibus orci luctus et ultrices posuere cubilia curae mauris viverra diam vitae quam suspendisse potenti nullam porttitor lacus at turpis donec posuere metus vitae ipsum aliquam non mauris morbi non lectus aliquam sit amet diam in magna bibendum imperdiet nullam orci pede venenatis non sodales sed tincidunt eu felis fusce posuere felis sed lacus morbi sem mauris laoreet ut rhoncus aliquet pulvinar sed nisl nunc rhoncus dui vel sem sed sagittis nam congue risus semper porta volutpat quam pede lobortis ligula sit amet eleifend pede libero quis orci nullam molestie nibh in lectus pellentesque at nulla suspendisse potenti cras in purus eu magna vulputate luctus cum sociis natoque penatibus et magnis dis parturient montes nascetur ridiculus mus vivamus vestibulum sagittis sapien cum sociis natoque penatibus et magnis dis',8),(9,'rmatthisson8','Duis bibendum. Morbi non quam nec dui luctus rutrum. Nulla tellus.\n\nIn sagittis dui vel nisl. Duis ac nibh. Fusce lacus purus, aliquet at, feugiat non, pretium quis, lectus.','orci nullam molestie nibh in lectus pellentesque at nulla suspendisse potenti cras in purus eu magna vulputate luctus cum sociis natoque penatibus et magnis dis parturient montes nascetur ridiculus mus vivamus vestibulum sagittis sapien cum sociis natoque penatibus et magnis dis parturient montes nascetur ridiculus mus etiam vel augue vestibulum rutrum rutrum neque aenean auctor gravida sem praesent id massa id nisl venenatis lacinia aenean sit amet justo morbi ut odio cras mi pede malesuada in imperdiet et commodo vulputate justo in blandit ultrices enim lorem ipsum dolor sit amet consectetuer adipiscing elit proin interdum mauris non ligula pellentesque ultrices phasellus id sapien in sapien iaculis congue vivamus metus arcu adipiscing molestie hendrerit at vulputate vitae nisl aenean lectus pellentesque eget nunc donec quis orci eget orci vehicula condimentum curabitur in libero ut massa volutpat convallis morbi odio',9),(10,'jmatusov9','Pellentesque at nulla. Suspendisse potenti. Cras in purus eu magna vulputate luctus.','in leo maecenas pulvinar lobortis est phasellus sit amet erat nulla tempus vivamus in felis eu sapien cursus vestibulum proin eu mi nulla ac enim in tempor turpis nec euismod scelerisque quam turpis adipiscing lorem vitae mattis nibh ligula nec sem duis aliquam convallis nunc proin at turpis a pede posuere nonummy integer non velit donec diam neque vestibulum eget vulputate ut ultrices vel augue vestibulum ante ipsum primis in faucibus orci luctus et ultrices posuere cubilia curae donec pharetra magna vestibulum aliquet ultrices erat tortor sollicitudin mi sit amet lobortis sapien sapien non mi integer ac neque duis bibendum morbi non quam nec dui luctus rutrum nulla tellus in sagittis dui vel nisl duis ac nibh',10),(11,'torreda','Quisque porta volutpat erat. Quisque erat eros, viverra eget, congue eget, semper rutrum, nulla. Nunc purus.\n\nPhasellus in felis. Donec semper sapien a libero. Nam dui.\n\nProin leo odio, porttitor id, ','velit id pretium iaculis diam erat fermentum justo nec condimentum neque sapien placerat ante nulla justo aliquam quis turpis eget elit sodales scelerisque mauris sit amet eros suspendisse accumsan tortor quis turpis sed ante vivamus tortor duis mattis egestas metus aenean fermentum donec ut mauris eget massa tempor convallis nulla neque libero convallis eget eleifend luctus ultricies eu nibh quisque id justo sit amet sapien dignissim vestibulum vestibulum ante ipsum primis in faucibus orci luctus et ultrices posuere cubilia curae nulla dapibus dolor vel est donec odio justo sollicitudin ut suscipit a feugiat et eros vestibulum ac est lacinia nisi',11),(12,'amurriganb','Phasellus in felis. Donec semper sapien a libero. Nam dui.','blandit ultrices enim lorem ipsum dolor sit amet consectetuer adipiscing elit proin interdum mauris non ligula pellentesque ultrices phasellus id sapien in sapien iaculis congue vivamus metus arcu adipiscing molestie hendrerit at vulputate vitae nisl aenean lectus pellentesque eget nunc donec quis orci eget orci vehicula condimentum curabitur in libero ut massa volutpat convallis morbi odio odio elementum eu interdum eu tincidunt in leo maecenas pulvinar lobortis est phasellus sit amet erat nulla tempus vivamus in felis eu sapien cursus vestibulum proin eu mi nulla ac enim in tempor turpis nec euismod scelerisque quam turpis adipiscing lorem vitae mattis nibh ligula nec sem duis aliquam convallis nunc proin at turpis a pede posuere nonummy integer non velit donec diam neque vestibulum eget vulputate ut ultrices vel augue vestibulum ante ipsum primis in faucibus',12),(13,'brubkec','Curabitur in libero ut massa volutpat convallis. Morbi odio odio, elementum eu, interdum eu, tincidunt in, leo. Maecenas pulvinar lobortis est.','luctus et ultrices posuere cubilia curae donec pharetra magna vestibulum aliquet ultrices erat tortor sollicitudin mi sit amet lobortis sapien sapien non mi integer ac neque duis bibendum morbi non quam nec dui luctus rutrum nulla tellus in sagittis dui vel nisl duis ac nibh fusce lacus purus aliquet at feugiat non pretium quis lectus suspendisse potenti in eleifend quam a odio in hac habitasse platea dictumst maecenas ut massa quis augue luctus tincidunt nulla mollis molestie lorem quisque ut erat curabitur gravida nisi at nibh in hac habitasse platea dictumst aliquam augue quam sollicitudin vitae consectetuer eget rutrum at lorem integer tincidunt ante vel ipsum praesent blandit lacinia erat vestibulum sed magna at nunc commodo placerat praesent blandit nam nulla integer pede justo lacinia eget tincidunt eget tempus vel pede morbi porttitor lorem id ligula suspendisse ornare consequat lectus in est risus auctor sed tristique',13),(14,'pdebruind','Cras non velit nec nisi vulputate nonummy. Maecenas tincidunt lacus at velit. Vivamus vel nulla eget eros elementum pellentesque.\n\nQuisque porta volutpat erat. Quisque erat eros, viverra eget, congue ','non interdum in ante vestibulum ante ipsum primis in faucibus orci luctus et ultrices posuere cubilia curae duis faucibus accumsan odio curabitur convallis duis consequat dui nec nisi volutpat eleifend donec ut dolor morbi vel lectus in quam fringilla rhoncus mauris enim leo rhoncus sed vestibulum sit amet cursus id turpis integer aliquet massa id lobortis convallis tortor risus dapibus augue vel accumsan tellus nisi eu orci mauris lacinia sapien quis libero nullam sit amet turpis elementum ligula vehicula consequat morbi a ipsum integer a nibh in quis justo maecenas rhoncus aliquam lacus morbi quis tortor id nulla ultrices aliquet maecenas leo odio condimentum id luctus nec molestie sed justo pellentesque viverra pede ac diam cras pellentesque volutpat dui maecenas tristique est et tempus semper est quam pharetra magna ac consequat metus sapien ut',14),(15,'mlealee','Maecenas leo odio, condimentum id, luctus nec, molestie sed, justo. Pellentesque viverra pede ac diam. Cras pellentesque volutpat dui.\n\nMaecenas tristique, est et tempus semper, est quam pharetra magn','donec ut mauris eget massa tempor convallis nulla neque libero convallis eget eleifend luctus ultricies eu nibh quisque id justo sit amet sapien dignissim vestibulum vestibulum ante ipsum primis in faucibus orci luctus et ultrices posuere cubilia curae nulla dapibus dolor vel est donec odio justo sollicitudin ut suscipit a feugiat et eros vestibulum ac est lacinia nisi venenatis tristique fusce congue diam id ornare imperdiet sapien urna pretium nisl ut volutpat sapien arcu sed augue aliquam erat volutpat in congue etiam justo etiam pretium iaculis justo in hac habitasse platea dictumst etiam faucibus cursus urna ut tellus nulla ut erat id mauris vulputate elementum nullam varius nulla facilisi',15),(16,'mcoef','Etiam vel augue. Vestibulum rutrum rutrum neque. Aenean auctor gravida sem.\n\nPraesent id massa id nisl venenatis lacinia. Aenean sit amet justo. Morbi ut odio.\n\nCras mi pede, malesuada in, imperdiet e','ligula nec sem duis aliquam convallis nunc proin at turpis a pede posuere nonummy integer non velit donec diam neque vestibulum eget vulputate ut ultrices vel augue vestibulum ante ipsum primis in faucibus orci luctus et ultrices posuere cubilia curae donec pharetra magna vestibulum aliquet ultrices erat tortor sollicitudin mi sit amet lobortis sapien sapien non mi integer ac neque duis bibendum morbi non quam nec dui luctus rutrum nulla tellus in sagittis dui vel nisl duis ac nibh fusce lacus purus aliquet at feugiat non pretium quis lectus suspendisse potenti in eleifend quam a odio in hac habitasse platea dictumst maecenas ut massa quis augue luctus tincidunt nulla mollis molestie lorem quisque ut erat curabitur gravida nisi at nibh in hac habitasse platea dictumst aliquam augue quam sollicitudin vitae consectetuer eget rutrum',16),(17,'srubertg','Nulla ut erat id mauris vulputate elementum. Nullam varius. Nulla facilisi.\n\nCras non velit nec nisi vulputate nonummy. Maecenas tincidunt lacus at velit. Vivamus vel nulla eget eros elementum pellent','libero convallis eget eleifend luctus ultricies eu nibh quisque id justo sit amet sapien dignissim vestibulum vestibulum ante ipsum primis in faucibus orci luctus et ultrices posuere cubilia curae nulla dapibus dolor vel est donec odio justo sollicitudin ut suscipit a feugiat et eros vestibulum ac est lacinia nisi venenatis tristique fusce congue diam id ornare imperdiet sapien urna pretium nisl ut volutpat sapien arcu sed augue aliquam erat volutpat in congue etiam justo etiam pretium iaculis justo in hac habitasse platea dictumst etiam faucibus cursus urna ut tellus nulla ut erat id mauris vulputate elementum nullam varius nulla facilisi cras non velit nec nisi vulputate nonummy maecenas tincidunt lacus at velit vivamus vel nulla eget eros elementum pellentesque quisque porta volutpat erat quisque erat eros viverra eget congue eget semper rutrum nulla nunc purus phasellus',17),(18,'lathoweh','Curabitur gravida nisi at nibh. In hac habitasse platea dictumst. Aliquam augue quam, sollicitudin vitae, consectetuer eget, rutrum at, lorem.','vulputate justo in blandit ultrices enim lorem ipsum dolor sit amet consectetuer adipiscing elit proin interdum mauris non ligula pellentesque ultrices phasellus id sapien in sapien iaculis congue vivamus metus arcu adipiscing molestie hendrerit at vulputate vitae nisl aenean lectus pellentesque eget nunc donec quis orci eget orci vehicula condimentum curabitur in libero ut massa volutpat convallis morbi odio odio elementum eu interdum eu tincidunt in leo maecenas pulvinar lobortis est phasellus sit amet erat nulla tempus vivamus in felis eu sapien cursus vestibulum proin eu mi nulla ac enim in tempor turpis nec euismod scelerisque quam turpis adipiscing lorem vitae mattis nibh ligula nec sem duis aliquam convallis nunc proin at turpis a pede posuere nonummy integer non velit donec diam neque vestibulum eget vulputate ut ultrices vel augue vestibulum ante ipsum primis in faucibus orci luctus et ultrices posuere cubilia curae donec pharetra magna vestibulum',18),(19,'arobartsi','Proin leo odio, porttitor id, consequat in, consequat ut, nulla. Sed accumsan felis. Ut at dolor quis odio consequat varius.\n\nInteger ac leo. Pellentesque ultrices mattis odio. Donec vitae nisi.','ipsum dolor sit amet consectetuer adipiscing elit proin interdum mauris non ligula pellentesque ultrices phasellus id sapien in sapien iaculis congue vivamus metus arcu adipiscing molestie hendrerit at vulputate vitae nisl aenean lectus pellentesque eget nunc donec quis orci eget orci vehicula condimentum curabitur in libero ut massa volutpat convallis morbi odio odio elementum eu interdum eu tincidunt in leo maecenas pulvinar lobortis est phasellus sit amet erat nulla tempus vivamus in felis eu sapien cursus vestibulum proin eu mi nulla ac enim in tempor turpis nec euismod scelerisque quam turpis adipiscing lorem vitae mattis nibh ligula nec sem duis aliquam convallis nunc proin at turpis a pede posuere nonummy integer non velit donec diam neque vestibulum eget vulputate ut ultrices vel',19),(20,'yapplinj','Cras non velit nec nisi vulputate nonummy. Maecenas tincidunt lacus at velit. Vivamus vel nulla eget eros elementum pellentesque.\n\nQuisque porta volutpat erat. Quisque erat eros, viverra eget, congue ','semper porta volutpat quam pede lobortis ligula sit amet eleifend pede libero quis orci nullam molestie nibh in lectus pellentesque at nulla suspendisse potenti cras in purus eu magna vulputate luctus cum sociis natoque penatibus et magnis dis parturient montes nascetur ridiculus mus vivamus vestibulum sagittis sapien cum sociis natoque penatibus et magnis dis parturient montes nascetur ridiculus mus etiam vel augue vestibulum rutrum rutrum neque aenean auctor gravida sem praesent id massa id nisl venenatis lacinia aenean sit amet justo morbi ut odio cras mi pede malesuada in imperdiet et commodo vulputate justo in blandit ultrices enim lorem ipsum dolor sit amet consectetuer adipiscing elit proin interdum mauris non ligula pellentesque ultrices phasellus id sapien in sapien iaculis',20),(21,'ygarmank','Duis bibendum. Morbi non quam nec dui luctus rutrum. Nulla tellus.\n\nIn sagittis dui vel nisl. Duis ac nibh. Fusce lacus purus, aliquet at, feugiat non, pretium quis, lectus.\n\nSuspendisse potenti. In e','lorem integer tincidunt ante vel ipsum praesent blandit lacinia erat vestibulum sed magna at nunc commodo placerat praesent blandit nam nulla integer pede justo lacinia eget tincidunt eget tempus vel pede morbi porttitor lorem id ligula suspendisse ornare consequat lectus in est risus auctor sed tristique in tempus sit amet sem fusce consequat nulla nisl nunc nisl duis bibendum felis sed interdum venenatis turpis enim blandit mi in porttitor pede justo eu massa donec dapibus duis at velit eu est congue elementum in hac habitasse platea dictumst morbi vestibulum velit id pretium iaculis diam erat fermentum justo nec condimentum neque sapien placerat',21),(22,'onugentl','Integer tincidunt ante vel ipsum. Praesent blandit lacinia erat. Vestibulum sed magna at nunc commodo placerat.\n\nPraesent blandit. Nam nulla. Integer pede justo, lacinia eget, tincidunt eget, tempus v','eget orci vehicula condimentum curabitur in libero ut massa volutpat convallis morbi odio odio elementum eu interdum eu tincidunt in leo maecenas pulvinar lobortis est phasellus sit amet erat nulla tempus vivamus in felis eu sapien cursus vestibulum proin eu mi nulla ac enim in tempor turpis nec euismod scelerisque quam turpis adipiscing lorem vitae mattis nibh ligula nec sem duis aliquam convallis nunc proin at turpis a pede posuere nonummy integer non velit donec diam neque vestibulum eget vulputate ut ultrices vel augue vestibulum ante ipsum primis in faucibus orci luctus et ultrices posuere cubilia curae donec pharetra magna vestibulum aliquet ultrices erat tortor sollicitudin mi sit amet lobortis sapien',22),(23,'ckhotlerm','In hac habitasse platea dictumst. Morbi vestibulum, velit id pretium iaculis, diam erat fermentum justo, nec condimentum neque sapien placerat ante. Nulla justo.\n\nAliquam quis turpis eget elit sodales','tellus in sagittis dui vel nisl duis ac nibh fusce lacus purus aliquet at feugiat non pretium quis lectus suspendisse potenti in eleifend quam a odio in hac habitasse platea dictumst maecenas ut massa quis augue luctus tincidunt nulla mollis molestie lorem quisque ut erat curabitur gravida nisi at nibh in hac habitasse platea dictumst aliquam augue quam sollicitudin vitae consectetuer eget rutrum at lorem integer tincidunt ante vel ipsum praesent blandit lacinia erat vestibulum sed magna at nunc commodo placerat praesent blandit nam nulla integer pede justo lacinia eget tincidunt eget tempus vel pede morbi porttitor lorem id ligula suspendisse ornare consequat lectus in est risus auctor sed tristique in tempus sit amet sem fusce consequat nulla nisl nunc nisl duis bibendum felis sed interdum venenatis turpis enim blandit mi in porttitor pede justo eu massa donec dapibus duis',23),(24,'lvernern','Lorem ipsum dolor sit amet, consectetuer adipiscing elit. Proin risus. Praesent lectus.\n\nVestibulum quam sapien, varius ut, blandit non, interdum in, ante. Vestibulum ante ipsum primis in faucibus orc','adipiscing elit proin risus praesent lectus vestibulum quam sapien varius ut blandit non interdum in ante vestibulum ante ipsum primis in faucibus orci luctus et ultrices posuere cubilia curae duis faucibus accumsan odio curabitur convallis duis consequat dui nec nisi volutpat eleifend donec ut dolor morbi vel lectus in quam fringilla rhoncus mauris enim leo rhoncus sed vestibulum sit amet cursus id turpis integer aliquet massa id lobortis convallis tortor risus dapibus augue vel accumsan tellus nisi eu orci mauris lacinia sapien quis libero nullam sit amet turpis elementum ligula vehicula consequat morbi a ipsum integer a nibh in quis justo maecenas rhoncus aliquam lacus morbi quis tortor id nulla ultrices aliquet maecenas',24),(25,'canthonao','Cras mi pede, malesuada in, imperdiet et, commodo vulputate, justo. In blandit ultrices enim. Lorem ipsum dolor sit amet, consectetuer adipiscing elit.','vulputate ut ultrices vel augue vestibulum ante ipsum primis in faucibus orci luctus et ultrices posuere cubilia curae donec pharetra magna vestibulum aliquet ultrices erat tortor sollicitudin mi sit amet lobortis sapien sapien non mi integer ac neque duis bibendum morbi non quam nec dui luctus rutrum nulla tellus in sagittis dui vel nisl duis ac nibh fusce lacus purus aliquet at feugiat non pretium quis lectus suspendisse potenti in eleifend quam a odio in hac habitasse platea dictumst maecenas ut massa quis augue luctus tincidunt nulla mollis molestie lorem quisque ut erat curabitur gravida nisi at nibh in hac habitasse platea dictumst aliquam augue quam sollicitudin vitae consectetuer eget rutrum at lorem integer tincidunt ante vel ipsum praesent blandit lacinia erat vestibulum sed magna',25),(26,'fivshinp','Aenean lectus. Pellentesque eget nunc. Donec quis orci eget orci vehicula condimentum.\n\nCurabitur in libero ut massa volutpat convallis. Morbi odio odio, elementum eu, interdum eu, tincidunt in, leo. ','in hac habitasse platea dictumst etiam faucibus cursus urna ut tellus nulla ut erat id mauris vulputate elementum nullam varius nulla facilisi cras non velit nec nisi vulputate nonummy maecenas tincidunt lacus at velit vivamus vel nulla eget eros elementum pellentesque quisque porta volutpat erat quisque erat eros viverra eget congue eget semper rutrum nulla nunc purus phasellus in felis donec semper sapien a libero nam dui proin leo odio porttitor id consequat in consequat ut nulla sed accumsan felis ut at dolor quis odio consequat varius integer ac leo pellentesque ultrices mattis odio donec vitae nisi nam ultrices libero non mattis pulvinar nulla pede ullamcorper augue a suscipit nulla elit ac nulla sed vel enim sit amet nunc',26),(27,'bsaltsbergerq','In congue. Etiam justo. Etiam pretium iaculis justo.','sed tristique in tempus sit amet sem fusce consequat nulla nisl nunc nisl duis bibendum felis sed interdum venenatis turpis enim blandit mi in porttitor pede justo eu massa donec dapibus duis at velit eu est congue elementum in hac habitasse platea dictumst morbi vestibulum velit id pretium iaculis diam erat fermentum justo nec condimentum neque sapien placerat ante nulla justo aliquam quis turpis eget elit sodales scelerisque mauris sit amet eros suspendisse accumsan tortor quis turpis sed ante vivamus tortor duis mattis egestas metus aenean fermentum donec ut mauris eget massa tempor convallis nulla neque libero convallis eget eleifend',27),(28,'bpierpointr','Aenean lectus. Pellentesque eget nunc. Donec quis orci eget orci vehicula condimentum.\n\nCurabitur in libero ut massa volutpat convallis. Morbi odio odio, elementum eu, interdum eu, tincidunt in, leo. ','leo maecenas pulvinar lobortis est phasellus sit amet erat nulla tempus vivamus in felis eu sapien cursus vestibulum proin eu mi nulla ac enim in tempor turpis nec euismod scelerisque quam turpis adipiscing lorem vitae mattis nibh ligula nec sem duis aliquam convallis nunc proin at turpis a pede posuere nonummy integer non velit donec diam neque vestibulum eget vulputate ut ultrices vel augue vestibulum ante ipsum primis in faucibus orci luctus et ultrices posuere cubilia curae donec pharetra magna vestibulum aliquet ultrices erat tortor sollicitudin mi sit amet lobortis sapien sapien non mi integer ac neque duis bibendum morbi non quam nec dui luctus rutrum nulla tellus in',28),(29,'erubies','Suspendisse potenti. In eleifend quam a odio. In hac habitasse platea dictumst.\n\nMaecenas ut massa quis augue luctus tincidunt. Nulla mollis molestie lorem. Quisque ut erat.','ut erat curabitur gravida nisi at nibh in hac habitasse platea dictumst aliquam augue quam sollicitudin vitae consectetuer eget rutrum at lorem integer tincidunt ante vel ipsum praesent blandit lacinia erat vestibulum sed magna at nunc commodo placerat praesent blandit nam nulla integer pede justo lacinia eget tincidunt eget tempus vel pede morbi porttitor lorem id ligula suspendisse ornare consequat lectus in est risus auctor sed tristique in tempus sit amet sem fusce consequat nulla nisl nunc nisl duis bibendum felis sed interdum venenatis turpis enim blandit mi in porttitor pede justo eu massa donec dapibus duis at velit eu est congue elementum in hac habitasse',29),(30,'kdurhamt','Vestibulum ac est lacinia nisi venenatis tristique. Fusce congue, diam id ornare imperdiet, sapien urna pretium nisl, ut volutpat sapien arcu sed augue. Aliquam erat volutpat.\n\nIn congue. Etiam justo.','viverra pede ac diam cras pellentesque volutpat dui maecenas tristique est et tempus semper est quam pharetra magna ac consequat metus sapien ut nunc vestibulum ante ipsum primis in faucibus orci luctus et ultrices posuere cubilia curae mauris viverra diam vitae quam suspendisse potenti nullam porttitor lacus at turpis donec posuere metus vitae ipsum aliquam non mauris morbi non lectus aliquam sit amet diam in magna bibendum imperdiet nullam orci pede venenatis non sodales sed tincidunt eu felis fusce posuere felis sed lacus morbi sem mauris laoreet ut rhoncus aliquet pulvinar sed nisl nunc rhoncus dui vel sem sed sagittis nam congue risus semper porta volutpat quam pede lobortis ligula',30),(31,'fpetegreu','Integer tincidunt ante vel ipsum. Praesent blandit lacinia erat. Vestibulum sed magna at nunc commodo placerat.\n\nPraesent blandit. Nam nulla. Integer pede justo, lacinia eget, tincidunt eget, tempus v','vulputate vitae nisl aenean lectus pellentesque eget nunc donec quis orci eget orci vehicula condimentum curabitur in libero ut massa volutpat convallis morbi odio odio elementum eu interdum eu tincidunt in leo maecenas pulvinar lobortis est phasellus sit amet erat nulla tempus vivamus in felis eu sapien cursus vestibulum proin eu mi nulla ac enim in tempor turpis nec euismod scelerisque quam turpis adipiscing lorem vitae mattis nibh ligula nec sem duis aliquam convallis nunc proin at turpis a pede posuere nonummy integer non velit donec diam neque vestibulum eget vulputate ut ultrices vel augue vestibulum ante ipsum primis in faucibus orci luctus et ultrices posuere cubilia curae donec pharetra magna vestibulum aliquet ultrices erat tortor sollicitudin mi sit amet lobortis sapien sapien non mi integer ac neque duis bibendum morbi non quam nec dui luctus rutrum nulla tellus in sagittis',31),(32,'rreekv','Integer ac leo. Pellentesque ultrices mattis odio. Donec vitae nisi.','eleifend donec ut dolor morbi vel lectus in quam fringilla rhoncus mauris enim leo rhoncus sed vestibulum sit amet cursus id turpis integer aliquet massa id lobortis convallis tortor risus dapibus augue vel accumsan tellus nisi eu orci mauris lacinia sapien quis libero nullam sit amet turpis elementum ligula vehicula consequat morbi a ipsum integer a nibh in quis justo maecenas rhoncus aliquam lacus morbi quis tortor id nulla ultrices aliquet maecenas leo odio condimentum id luctus nec molestie sed justo pellentesque viverra pede ac diam cras pellentesque volutpat dui maecenas tristique est et tempus semper est quam pharetra magna ac consequat metus sapien ut nunc vestibulum ante ipsum primis in faucibus orci luctus et ultrices posuere cubilia curae mauris viverra diam vitae quam suspendisse potenti nullam porttitor lacus at turpis donec posuere metus vitae ipsum aliquam non mauris morbi non lectus aliquam sit amet diam in magna',32),(33,'odixceyw','Morbi porttitor lorem id ligula. Suspendisse ornare consequat lectus. In est risus, auctor sed, tristique in, tempus sit amet, sem.','leo odio condimentum id luctus nec molestie sed justo pellentesque viverra pede ac diam cras pellentesque volutpat dui maecenas tristique est et tempus semper est quam pharetra magna ac consequat metus sapien ut nunc vestibulum ante ipsum primis in faucibus orci luctus et ultrices posuere cubilia curae mauris viverra diam vitae quam suspendisse potenti nullam porttitor lacus at turpis donec posuere metus vitae ipsum aliquam non mauris morbi non lectus aliquam sit amet diam in magna bibendum imperdiet nullam orci pede venenatis non sodales sed tincidunt eu felis fusce posuere felis sed lacus morbi sem mauris laoreet ut rhoncus aliquet pulvinar sed nisl nunc rhoncus dui vel sem sed sagittis nam congue risus semper porta volutpat quam pede lobortis ligula sit amet eleifend pede libero',33),(34,'kcatheex','Duis consequat dui nec nisi volutpat eleifend. Donec ut dolor. Morbi vel lectus in quam fringilla rhoncus.','pede malesuada in imperdiet et commodo vulputate justo in blandit ultrices enim lorem ipsum dolor sit amet consectetuer adipiscing elit proin interdum mauris non ligula pellentesque ultrices phasellus id sapien in sapien iaculis congue vivamus metus arcu adipiscing molestie hendrerit at vulputate vitae nisl aenean lectus pellentesque eget nunc donec quis orci eget orci vehicula condimentum curabitur in libero ut massa volutpat convallis morbi odio odio elementum eu interdum eu tincidunt in leo maecenas pulvinar lobortis est phasellus sit amet erat nulla tempus vivamus in felis eu sapien cursus vestibulum proin eu mi nulla ac enim in tempor turpis nec euismod scelerisque quam turpis adipiscing lorem vitae mattis nibh',34),(35,'hkofaxy','Maecenas tristique, est et tempus semper, est quam pharetra magna, ac consequat metus sapien ut nunc. Vestibulum ante ipsum primis in faucibus orci luctus et ultrices posuere cubilia Curae; Mauris viv','curae duis faucibus accumsan odio curabitur convallis duis consequat dui nec nisi volutpat eleifend donec ut dolor morbi vel lectus in quam fringilla rhoncus mauris enim leo rhoncus sed vestibulum sit amet cursus id turpis integer aliquet massa id lobortis convallis tortor risus dapibus augue vel accumsan tellus nisi eu orci mauris lacinia sapien quis libero nullam sit amet turpis elementum ligula vehicula consequat morbi a ipsum integer a nibh in quis justo maecenas rhoncus aliquam lacus morbi quis tortor id nulla ultrices aliquet maecenas leo odio condimentum id luctus nec molestie sed justo pellentesque viverra pede ac diam cras pellentesque volutpat dui maecenas tristique est et tempus semper est quam pharetra magna',35),(36,'cpalmerz','Duis consequat dui nec nisi volutpat eleifend. Donec ut dolor. Morbi vel lectus in quam fringilla rhoncus.','aliquet maecenas leo odio condimentum id luctus nec molestie sed justo pellentesque viverra pede ac diam cras pellentesque volutpat dui maecenas tristique est et tempus semper est quam pharetra magna ac consequat metus sapien ut nunc vestibulum ante ipsum primis in faucibus orci luctus et ultrices posuere cubilia curae mauris viverra diam vitae quam suspendisse potenti nullam porttitor lacus at turpis donec posuere metus vitae ipsum aliquam non mauris morbi non lectus aliquam sit amet diam in magna bibendum imperdiet nullam orci pede venenatis non sodales sed tincidunt eu felis fusce posuere felis sed lacus morbi sem mauris laoreet ut rhoncus aliquet pulvinar sed nisl nunc rhoncus dui vel sem sed sagittis nam congue risus semper porta volutpat',36),(37,'nollivierre10','Praesent blandit. Nam nulla. Integer pede justo, lacinia eget, tincidunt eget, tempus vel, pede.','vel augue vestibulum rutrum rutrum neque aenean auctor gravida sem praesent id massa id nisl venenatis lacinia aenean sit amet justo morbi ut odio cras mi pede malesuada in imperdiet et commodo vulputate justo in blandit ultrices enim lorem ipsum dolor sit amet consectetuer adipiscing elit proin interdum mauris non ligula pellentesque ultrices phasellus id sapien in sapien iaculis congue vivamus metus arcu adipiscing molestie hendrerit at vulputate vitae nisl aenean lectus pellentesque eget nunc donec quis orci eget orci vehicula condimentum curabitur in libero ut massa volutpat convallis morbi odio odio elementum eu interdum eu tincidunt in leo maecenas pulvinar lobortis est phasellus sit amet erat nulla tempus vivamus in felis eu sapien cursus vestibulum proin eu mi',37),(38,'shastie11','Cras mi pede, malesuada in, imperdiet et, commodo vulputate, justo. In blandit ultrices enim. Lorem ipsum dolor sit amet, consectetuer adipiscing elit.\n\nProin interdum mauris non ligula pellentesque u','luctus et ultrices posuere cubilia curae nulla dapibus dolor vel est donec odio justo sollicitudin ut suscipit a feugiat et eros vestibulum ac est lacinia nisi venenatis tristique fusce congue diam id ornare imperdiet sapien urna pretium nisl ut volutpat sapien arcu sed augue aliquam erat volutpat in congue etiam justo etiam pretium iaculis justo in hac habitasse platea dictumst etiam faucibus cursus urna ut tellus nulla ut erat id mauris vulputate elementum nullam varius nulla facilisi cras non velit nec nisi vulputate nonummy maecenas tincidunt lacus at velit vivamus vel nulla eget eros elementum pellentesque quisque porta volutpat erat quisque erat eros viverra eget congue eget semper rutrum nulla nunc purus phasellus in felis donec semper sapien a libero nam dui proin leo odio',38),(39,'mboorn12','Nullam porttitor lacus at turpis. Donec posuere metus vitae ipsum. Aliquam non mauris.\n\nMorbi non lectus. Aliquam sit amet diam in magna bibendum imperdiet. Nullam orci pede, venenatis non, sodales se','ante ipsum primis in faucibus orci luctus et ultrices posuere cubilia curae duis faucibus accumsan odio curabitur convallis duis consequat dui nec nisi volutpat eleifend donec ut dolor morbi vel lectus in quam fringilla rhoncus mauris enim leo rhoncus sed vestibulum sit amet cursus id turpis integer aliquet massa id lobortis convallis tortor risus dapibus augue vel accumsan tellus nisi eu orci mauris lacinia sapien quis libero nullam sit amet turpis elementum ligula vehicula consequat morbi a ipsum integer a nibh in quis justo maecenas rhoncus aliquam lacus morbi quis tortor id nulla ultrices aliquet maecenas leo odio condimentum id luctus nec molestie sed justo pellentesque viverra pede ac diam cras pellentesque volutpat dui',39),(40,'rjulyan13','Pellentesque at nulla. Suspendisse potenti. Cras in purus eu magna vulputate luctus.\n\nCum sociis natoque penatibus et magnis dis parturient montes, nascetur ridiculus mus. Vivamus vestibulum sagittis ','lectus pellentesque eget nunc donec quis orci eget orci vehicula condimentum curabitur in libero ut massa volutpat convallis morbi odio odio elementum eu interdum eu tincidunt in leo maecenas pulvinar lobortis est phasellus sit amet erat nulla tempus vivamus in felis eu sapien cursus vestibulum proin eu mi nulla ac enim in tempor turpis nec euismod scelerisque quam turpis adipiscing lorem vitae mattis nibh ligula nec sem duis aliquam convallis nunc proin at turpis a pede posuere nonummy integer non velit donec diam neque vestibulum eget vulputate ut ultrices vel augue vestibulum ante ipsum primis in faucibus orci luctus et ultrices posuere',40),(41,'jhellicar14','Nullam porttitor lacus at turpis. Donec posuere metus vitae ipsum. Aliquam non mauris.\n\nMorbi non lectus. Aliquam sit amet diam in magna bibendum imperdiet. Nullam orci pede, venenatis non, sodales se','tincidunt lacus at velit vivamus vel nulla eget eros elementum pellentesque quisque porta volutpat erat quisque erat eros viverra eget congue eget semper rutrum nulla nunc purus phasellus in felis donec semper sapien a libero nam dui proin leo odio porttitor id consequat in consequat ut nulla sed accumsan felis ut at dolor quis odio consequat varius integer ac leo pellentesque ultrices mattis odio donec vitae nisi nam ultrices libero non mattis pulvinar nulla pede ullamcorper augue a suscipit nulla elit ac nulla sed vel enim sit amet nunc viverra dapibus nulla suscipit ligula in lacus curabitur at ipsum ac tellus semper interdum mauris ullamcorper purus sit amet nulla quisque arcu libero rutrum ac lobortis vel dapibus at diam nam tristique tortor eu pede',41),(42,'vjohnson15','Duis bibendum, felis sed interdum venenatis, turpis enim blandit mi, in porttitor pede justo eu massa. Donec dapibus. Duis at velit eu est congue elementum.\n\nIn hac habitasse platea dictumst. Morbi ve','volutpat in congue etiam justo etiam pretium iaculis justo in hac habitasse platea dictumst etiam faucibus cursus urna ut tellus nulla ut erat id mauris vulputate elementum nullam varius nulla facilisi cras non velit nec nisi vulputate nonummy maecenas tincidunt lacus at velit vivamus vel nulla eget eros elementum pellentesque quisque porta volutpat erat quisque erat eros viverra eget congue eget semper rutrum nulla nunc purus phasellus in felis donec semper sapien a libero nam dui proin leo odio porttitor id consequat in consequat ut nulla sed accumsan felis ut at dolor quis odio consequat varius integer ac leo pellentesque ultrices mattis',42),(43,'kelegood16','In quis justo. Maecenas rhoncus aliquam lacus. Morbi quis tortor id nulla ultrices aliquet.\n\nMaecenas leo odio, condimentum id, luctus nec, molestie sed, justo. Pellentesque viverra pede ac diam. Cras','in congue etiam justo etiam pretium iaculis justo in hac habitasse platea dictumst etiam faucibus cursus urna ut tellus nulla ut erat id mauris vulputate elementum nullam varius nulla facilisi cras non velit nec nisi vulputate nonummy maecenas tincidunt lacus at velit vivamus vel nulla eget eros elementum pellentesque quisque porta volutpat erat quisque erat eros viverra eget congue eget semper rutrum nulla nunc purus phasellus in felis donec semper sapien a libero nam dui proin leo odio porttitor id consequat in consequat ut nulla sed accumsan felis ut at dolor quis odio consequat varius integer ac leo pellentesque ultrices mattis odio donec vitae nisi nam ultrices libero non mattis pulvinar nulla pede ullamcorper augue a suscipit nulla elit ac nulla sed vel enim sit amet nunc viverra dapibus nulla suscipit',43),(44,'fadds17','Vestibulum quam sapien, varius ut, blandit non, interdum in, ante. Vestibulum ante ipsum primis in faucibus orci luctus et ultrices posuere cubilia Curae; Duis faucibus accumsan odio. Curabitur conval','amet eros suspendisse accumsan tortor quis turpis sed ante vivamus tortor duis mattis egestas metus aenean fermentum donec ut mauris eget massa tempor convallis nulla neque libero convallis eget eleifend luctus ultricies eu nibh quisque id justo sit amet sapien dignissim vestibulum vestibulum ante ipsum primis in faucibus orci luctus et ultrices posuere cubilia curae nulla dapibus dolor vel est donec odio justo sollicitudin ut suscipit a feugiat et eros vestibulum ac est lacinia nisi venenatis tristique fusce congue diam id ornare imperdiet sapien urna pretium nisl ut volutpat sapien arcu sed augue aliquam erat volutpat in congue etiam justo etiam pretium iaculis justo in hac habitasse platea dictumst etiam faucibus cursus urna ut tellus nulla ut erat id mauris vulputate',44),(45,'hmawtus18','Morbi non lectus. Aliquam sit amet diam in magna bibendum imperdiet. Nullam orci pede, venenatis non, sodales sed, tincidunt eu, felis.\n\nFusce posuere felis sed lacus. Morbi sem mauris, laoreet ut, rh','consequat morbi a ipsum integer a nibh in quis justo maecenas rhoncus aliquam lacus morbi quis tortor id nulla ultrices aliquet maecenas leo odio condimentum id luctus nec molestie sed justo pellentesque viverra pede ac diam cras pellentesque volutpat dui maecenas tristique est et tempus semper est quam pharetra magna ac consequat metus sapien ut nunc vestibulum ante ipsum primis in faucibus orci luctus et ultrices posuere cubilia curae mauris viverra diam vitae quam suspendisse potenti nullam porttitor lacus at turpis donec posuere metus vitae ipsum aliquam non mauris morbi non lectus aliquam sit amet diam in magna bibendum imperdiet nullam orci pede venenatis non sodales',45),(46,'mheiton19','Fusce posuere felis sed lacus. Morbi sem mauris, laoreet ut, rhoncus aliquet, pulvinar sed, nisl. Nunc rhoncus dui vel sem.\n\nSed sagittis. Nam congue, risus semper porta volutpat, quam pede lobortis l','sed lacus morbi sem mauris laoreet ut rhoncus aliquet pulvinar sed nisl nunc rhoncus dui vel sem sed sagittis nam congue risus semper porta volutpat quam pede lobortis ligula sit amet eleifend pede libero quis orci nullam molestie nibh in lectus pellentesque at nulla suspendisse potenti cras in purus eu magna vulputate luctus cum sociis natoque penatibus et magnis dis parturient montes nascetur ridiculus mus vivamus vestibulum sagittis sapien cum sociis natoque penatibus et magnis dis parturient montes nascetur ridiculus mus etiam vel augue vestibulum rutrum rutrum neque aenean auctor gravida sem praesent id massa id nisl venenatis lacinia aenean sit amet justo morbi ut odio cras mi pede malesuada in imperdiet et commodo vulputate justo in blandit ultrices enim lorem ipsum dolor sit amet consectetuer adipiscing elit proin interdum mauris non ligula pellentesque ultrices phasellus id sapien in sapien iaculis congue vivamus metus arcu adipiscing molestie',46),(47,'vcreaney1a','Cum sociis natoque penatibus et magnis dis parturient montes, nascetur ridiculus mus. Vivamus vestibulum sagittis sapien. Cum sociis natoque penatibus et magnis dis parturient montes, nascetur ridicul','tincidunt eget tempus vel pede morbi porttitor lorem id ligula suspendisse ornare consequat lectus in est risus auctor sed tristique in tempus sit amet sem fusce consequat nulla nisl nunc nisl duis bibendum felis sed interdum venenatis turpis enim blandit mi in porttitor pede justo eu massa donec dapibus duis at velit eu est congue elementum in hac habitasse platea dictumst morbi vestibulum velit id pretium iaculis diam erat fermentum justo nec condimentum neque sapien placerat ante nulla justo aliquam quis turpis eget elit sodales scelerisque mauris sit amet eros suspendisse accumsan tortor quis turpis sed ante vivamus tortor duis mattis egestas metus aenean fermentum donec ut mauris eget massa tempor convallis',47),(48,'asans1b','Phasellus sit amet erat. Nulla tempus. Vivamus in felis eu sapien cursus vestibulum.','venenatis lacinia aenean sit amet justo morbi ut odio cras mi pede malesuada in imperdiet et commodo vulputate justo in blandit ultrices enim lorem ipsum dolor sit amet consectetuer adipiscing elit proin interdum mauris non ligula pellentesque ultrices phasellus id sapien in sapien iaculis congue vivamus metus arcu adipiscing molestie hendrerit at vulputate vitae nisl aenean lectus pellentesque eget nunc donec quis orci eget orci vehicula condimentum curabitur in libero ut massa volutpat convallis morbi odio odio elementum eu interdum eu tincidunt in leo maecenas pulvinar lobortis est phasellus sit amet erat nulla tempus vivamus in felis eu sapien cursus vestibulum proin eu mi nulla ac enim in tempor turpis nec euismod scelerisque quam turpis adipiscing lorem vitae',48),(49,'bshiel1c','Aenean lectus. Pellentesque eget nunc. Donec quis orci eget orci vehicula condimentum.\n\nCurabitur in libero ut massa volutpat convallis. Morbi odio odio, elementum eu, interdum eu, tincidunt in, leo. ','justo lacinia eget tincidunt eget tempus vel pede morbi porttitor lorem id ligula suspendisse ornare consequat lectus in est risus auctor sed tristique in tempus sit amet sem fusce consequat nulla nisl nunc nisl duis bibendum felis sed interdum venenatis turpis enim blandit mi in porttitor pede justo eu massa donec dapibus duis at velit eu est congue elementum in hac habitasse platea dictumst morbi vestibulum velit id pretium iaculis diam erat fermentum justo nec condimentum neque sapien placerat ante nulla justo aliquam quis turpis eget elit sodales scelerisque mauris sit amet eros suspendisse accumsan tortor quis turpis sed ante vivamus tortor duis mattis egestas metus aenean fermentum donec ut mauris',49),(50,'acattermull1d','Cras mi pede, malesuada in, imperdiet et, commodo vulputate, justo. In blandit ultrices enim. Lorem ipsum dolor sit amet, consectetuer adipiscing elit.\n\nProin interdum mauris non ligula pellentesque u','potenti nullam porttitor lacus at turpis donec posuere metus vitae ipsum aliquam non mauris morbi non lectus aliquam sit amet diam in magna bibendum imperdiet nullam orci pede venenatis non sodales sed tincidunt eu felis fusce posuere felis sed lacus morbi sem mauris laoreet ut rhoncus aliquet pulvinar sed nisl nunc rhoncus dui vel sem sed sagittis nam congue risus semper porta volutpat quam pede lobortis ligula sit amet eleifend pede libero quis orci nullam molestie nibh in lectus pellentesque at nulla suspendisse potenti cras in purus eu magna vulputate luctus cum sociis natoque penatibus et magnis dis parturient montes nascetur ridiculus mus vivamus vestibulum sagittis sapien cum sociis natoque penatibus et magnis dis parturient montes nascetur ridiculus mus etiam vel augue vestibulum rutrum rutrum neque aenean auctor gravida sem',50);
/*!40000 ALTER TABLE `NonProfit` ENABLE KEYS */;
UNLOCK TABLES;

--
-- Table structure for table `NonProfitEvent`
--

DROP TABLE IF EXISTS `NonProfitEvent`;
/*!40101 SET @saved_cs_client     = @@character_set_client */;
/*!40101 SET character_set_client = utf8 */;
CREATE TABLE `NonProfitEvent` (
  `ID` int(11) NOT NULL,
  `VolunteerLimit` int(11) NOT NULL,
  `AutoAccept` tinyint(1) NOT NULL,
  `Public` tinyint(1) NOT NULL,
  `CreatorID` int(11) NOT NULL,
  PRIMARY KEY (`ID`),
  KEY `NonProfitEvent_CreatorID_FK` (`CreatorID`),
  CONSTRAINT `NonProfitEvent_CreatorID_FK` FOREIGN KEY (`CreatorID`) REFERENCES `NonProfit` (`ID`),
  CONSTRAINT `NonProfitEvent_ID_FK` FOREIGN KEY (`ID`) REFERENCES `Event` (`ID`)
) ENGINE=InnoDB DEFAULT CHARSET=latin1;
/*!40101 SET character_set_client = @saved_cs_client */;

--
-- Dumping data for table `NonProfitEvent`
--

LOCK TABLES `NonProfitEvent` WRITE;
/*!40000 ALTER TABLE `NonProfitEvent` DISABLE KEYS */;
INSERT INTO `NonProfitEvent` VALUES (1,63,0,0,1),(2,37,0,0,2),(3,76,0,0,3),(4,79,0,0,4),(5,14,0,0,5),(6,42,0,0,6),(7,38,0,0,7),(8,100,0,0,8),(9,7,0,0,9),(10,53,0,0,10),(11,21,0,0,11),(12,16,0,0,12),(13,49,0,0,13),(14,4,0,0,14),(15,42,0,0,15),(16,94,0,0,16),(17,87,0,0,17),(18,77,0,0,18),(19,42,0,0,19),(20,21,0,0,20),(21,22,0,0,21),(22,52,0,0,22),(23,67,0,0,23),(24,77,0,0,24),(25,73,0,0,25);
/*!40000 ALTER TABLE `NonProfitEvent` ENABLE KEYS */;
UNLOCK TABLES;

--
-- Table structure for table `Skills`
--

DROP TABLE IF EXISTS `Skills`;
/*!40101 SET @saved_cs_client     = @@character_set_client */;
/*!40101 SET character_set_client = utf8 */;
CREATE TABLE `Skills` (
  `ID` int(11) NOT NULL AUTO_INCREMENT,
  `Skill` varchar(50) NOT NULL,
  `Count` int(11) NOT NULL,
  PRIMARY KEY (`ID`)
) ENGINE=InnoDB AUTO_INCREMENT=11 DEFAULT CHARSET=latin1;
/*!40101 SET character_set_client = @saved_cs_client */;

--
-- Dumping data for table `Skills`
--

LOCK TABLES `Skills` WRITE;
/*!40000 ALTER TABLE `Skills` DISABLE KEYS */;
INSERT INTO `Skills` VALUES (1,'Self-Management',22),(2,'Teamwork',26),(3,'Leadership',18),(4,'Handywork',21),(5,'Medical Experience',23),(6,'Strong Work Ethic',30),(7,'Communication',6),(8,'Analytics',18),(9,'Professionalism',4),(10,'Teachability',6);
/*!40000 ALTER TABLE `Skills` ENABLE KEYS */;
UNLOCK TABLES;

--
-- Table structure for table `Volunteered`
--

DROP TABLE IF EXISTS `Volunteered`;
/*!40101 SET @saved_cs_client     = @@character_set_client */;
/*!40101 SET character_set_client = utf8 */;
CREATE TABLE `Volunteered` (
  `IndividualID` int(11) NOT NULL,
  `EventID` int(11) NOT NULL,
  `Duration` time NOT NULL,
  PRIMARY KEY (`IndividualID`,`EventID`),
  KEY `Volunteered_EventID_FK` (`EventID`),
  CONSTRAINT `Volunteered_EventID_FK` FOREIGN KEY (`EventID`) REFERENCES `Event` (`ID`),
  CONSTRAINT `Volunteered_IndividualID_FK` FOREIGN KEY (`IndividualID`) REFERENCES `Individual` (`ID`)
) ENGINE=InnoDB DEFAULT CHARSET=latin1;
/*!40101 SET character_set_client = @saved_cs_client */;

--
-- Dumping data for table `Volunteered`
--

LOCK TABLES `Volunteered` WRITE;
/*!40000 ALTER TABLE `Volunteered` DISABLE KEYS */;
INSERT INTO `Volunteered` VALUES (1,99,'07:55:00'),(2,58,'05:25:00'),(3,58,'05:01:00'),(4,60,'03:30:00'),(5,97,'11:12:00'),(6,41,'04:39:00'),(7,79,'12:01:00'),(8,81,'08:59:00'),(9,16,'06:48:00'),(10,54,'09:02:00'),(11,40,'10:50:00'),(12,78,'06:23:00'),(13,27,'03:18:00'),(14,88,'03:10:00'),(15,6,'09:35:00'),(16,6,'12:38:00'),(17,17,'09:12:00'),(18,83,'03:47:00'),(19,46,'04:58:00'),(20,37,'12:47:00'),(21,33,'03:48:00'),(22,55,'03:54:00'),(23,2,'11:53:00'),(24,58,'05:10:00'),(25,63,'11:05:00'),(26,65,'02:51:00'),(27,33,'02:22:00'),(28,59,'05:56:00'),(29,18,'08:17:00'),(30,63,'09:31:00'),(31,16,'04:30:00'),(32,100,'07:26:00'),(33,84,'01:37:00'),(34,60,'04:35:00'),(35,15,'04:20:00'),(36,18,'04:00:00'),(37,74,'11:12:00'),(38,62,'05:53:00'),(39,67,'05:22:00'),(40,75,'04:27:00'),(41,89,'11:28:00'),(42,88,'04:46:00'),(43,35,'10:45:00'),(44,69,'04:25:00'),(45,84,'11:11:00'),(46,7,'08:52:00'),(47,8,'01:05:00'),(48,7,'08:32:00'),(49,40,'09:57:00'),(50,58,'10:34:00');
/*!40000 ALTER TABLE `Volunteered` ENABLE KEYS */;
UNLOCK TABLES;
/*!40103 SET TIME_ZONE=@OLD_TIME_ZONE */;

/*!40101 SET SQL_MODE=@OLD_SQL_MODE */;
/*!40014 SET FOREIGN_KEY_CHECKS=@OLD_FOREIGN_KEY_CHECKS */;
/*!40014 SET UNIQUE_CHECKS=@OLD_UNIQUE_CHECKS */;
/*!40101 SET CHARACTER_SET_CLIENT=@OLD_CHARACTER_SET_CLIENT */;
/*!40101 SET CHARACTER_SET_RESULTS=@OLD_CHARACTER_SET_RESULTS */;
/*!40101 SET COLLATION_CONNECTION=@OLD_COLLATION_CONNECTION */;
/*!40111 SET SQL_NOTES=@OLD_SQL_NOTES */;

-- Dump completed on 2018-01-16 20:50:52
